,Frequency,Angle of attack,Chord length,Free-stream velocity,Section side displacement thickness
0,0.015151515151515152,0.427927927927928,0.0,0.0,0.07262615268122122
1,0.24242424242424243,0.0,0.2727272727272727,1.0,0.013963616109037142
2,0.0303030303030303,0.427927927927928,0.0,0.601010101010101,0.06770688083343639
3,0.0707070707070707,0.32882882882882886,0.7272727272727271,0.601010101010101,0.18565425384711468
4,0.30808080808080807,0.0,0.2727272727272727,0.601010101010101,0.015844478678024083
5,0.05303030303030304,0.0,0.0,0.0,0.0006686706905966767
6,0.0404040404040404,0.0,0.9999999999999999,1.0,0.039004721514947494
7,0.30808080808080807,0.18918918918918923,0.0909090909090909,0.1994949494949496,0.019413825241441144
8,0.3939393939393939,0.0,0.2727272727272727,0.1994949494949496,0.01831799137185541
9,0.015151515151515152,0.24324324324324328,0.45454545454545453,0.1994949494949496,0.07670333730973182
10,0.002525252525252526,0.427927927927928,0.0,0.0,0.07262615268122122
11,0.05303030303030304,0.7837837837837838,0.0,1.0,0.2706973057932257
12,0.11616161616161617,0.6936936936936938,0.0909090909090909,1.0,0.4486457634359282
13,0.11616161616161617,0.21621621621621623,0.0,0.601010101010101,0.008145681192363785
14,0.0404040404040404,0.24324324324324328,0.45454545454545453,0.0,0.08367533681506376
15,0.015151515151515152,0.40090090090090097,0.2727272727272727,0.1994949494949496,0.2078743239728975
16,0.015151515151515152,0.30180180180180183,0.2727272727272727,0.1994949494949496,0.09274298715452403
17,0.005808080808080807,0.7027027027027027,0.2727272727272727,0.1994949494949496,0.9041106578109546
18,0.09090909090909091,0.24324324324324328,0.45454545454545453,0.0,0.08367533681506376
19,0.0404040404040404,0.32882882882882886,0.7272727272727271,0.0,0.22179591329297682
20,0.09090909090909091,0.32432432432432434,0.45454545454545453,1.0,0.12273111794809702
21,0.14898989898989898,0.32882882882882886,0.7272727272727271,0.601010101010101,0.18565425384711468
22,0.14898989898989898,0.1801801801801802,0.7272727272727271,1.0,0.06214979471516749
23,0.0303030303030303,0.32432432432432434,0.45454545454545453,0.1994949494949496,0.14981857286884964
24,0.05303030303030304,0.37837837837837845,0.0909090909090909,0.0,0.09320841918974214
25,0.021717171717171715,0.21621621621621623,0.0,0.0,0.009138102959013471
26,0.24242424242424243,0.0,0.9999999999999999,0.1994949494949496,0.046555235801832004
27,0.021717171717171715,0.6936936936936938,0.0909090909090909,0.0,0.4927480345063726
28,0.015151515151515152,0.7837837837837838,0.0,1.0,0.2706973057932257
29,0.09090909090909091,0.12162162162162164,0.45454545454545453,0.1994949494949496,0.0439119266062637
30,0.05303030303030304,0.40090090090090097,0.2727272727272727,0.1994949494949496,0.2078743239728975
31,0.021717171717171715,0.24324324324324328,0.45454545454545453,0.0,0.08367533681506376
32,0.0303030303030303,0.0,0.9999999999999999,0.0,0.05019732766853131
33,0.1919191919191919,0.5540540540540542,0.2727272727272727,0.0,0.714953907231259
34,0.0707070707070707,0.0,0.7272727272727271,1.0,0.03004222433899946
35,0.494949494949495,0.5720720720720721,0.0,1.0,0.20306830725368244
36,0.0101010101010101,0.427927927927928,0.0,0.1994949494949496,0.07063410357048774
37,0.30808080808080807,0.14864864864864866,0.2727272727272727,0.1994949494949496,0.035350390509544305
38,0.14898989898989898,0.8873873873873874,0.0909090909090909,0.1994949494949496,0.6220123012652615
39,0.0404040404040404,0.12162162162162164,0.45454545454545453,0.1994949494949496,0.0439119266062637
40,0.0101010101010101,0.0900900900900901,0.7272727272727271,0.0,0.057283099449138786
41,0.6212121212121212,0.0,0.2727272727272727,0.601010101010101,0.015844478678024083
42,0.11616161616161617,0.5540540540540542,0.2727272727272727,1.0,0.5753863542705234
43,0.0303030303030303,0.32882882882882886,0.7272727272727271,1.0,0.17306690302799396
44,0.14898989898989898,0.7837837837837838,0.0,0.601010101010101,0.27874066089073557
45,0.494949494949495,0.0,0.45454545454545453,0.601010101010101,0.022857849919819852
46,0.0303030303030303,0.24324324324324328,0.45454545454545453,0.0,0.08367533681506376
47,0.0303030303030303,0.1801801801801802,0.7272727272727271,1.0,0.06214979471516749
48,0.09090909090909091,0.32882882882882886,0.7272727272727271,0.0,0.22179591329297682
49,0.0303030303030303,0.32882882882882886,0.7272727272727271,0.601010101010101,0.18565425384711468
50,0.24242424242424243,0.0,0.9999999999999999,0.0,0.05019732766853131
51,0.0303030303030303,1.0,0.0,1.0,0.362297777968854
52,0.05303030303030304,0.427927927927928,0.0,1.0,0.06560623091448535
53,0.11616161616161617,0.30180180180180183,0.2727272727272727,0.601010101010101,0.08297132776623756
54,0.0404040404040404,0.6936936936936938,0.0909090909090909,0.0,0.4927480345063726
55,0.11616161616161617,0.0,0.9999999999999999,1.0,0.039004721514947494
56,0.05303030303030304,0.0,0.9999999999999999,0.1994949494949496,0.046555235801832004
57,0.494949494949495,0.14864864864864866,0.2727272727272727,1.0,0.028055863842029745
58,0.002525252525252526,0.32882882882882886,0.7272727272727271,0.601010101010101,0.18565425384711468
59,0.14898989898989898,0.427927927927928,0.0,1.0,0.06560623091448535
60,0.0404040404040404,0.0900900900900901,0.7272727272727271,1.0,0.04360629290313715
61,0.0101010101010101,0.1801801801801802,0.7272727272727271,0.601010101010101,0.06697942780061403
62,0.015151515151515152,0.32432432432432434,0.45454545454545453,1.0,0.12273111794809702
63,0.11616161616161617,0.445945945945946,0.45454545454545453,0.601010101010101,0.3524030376645876
64,0.0303030303030303,0.37837837837837845,0.0909090909090909,0.1994949494949496,0.09070077481332815
65,0.05303030303030304,0.6936936936936938,0.0909090909090909,1.0,0.4486457634359282
66,0.005808080808080807,0.7837837837837838,0.0,0.1994949494949496,0.2899455061830233
67,0.14898989898989898,0.445945945945946,0.45454545454545453,0.1994949494949496,0.3953089760222862
68,0.30808080808080807,0.23873873873873874,0.7272727272727271,0.1994949494949496,0.09899236032962104
69,0.0404040404040404,0.7027027027027027,0.2727272727272727,0.1994949494949496,0.9041106578109546
70,0.11616161616161617,0.427927927927928,0.0,0.1994949494949496,0.07063410357048774
71,0.6212121212121212,0.0,0.45454545454545453,0.601010101010101,0.022857849919819852
72,0.0707070707070707,0.13513513513513514,0.9999999999999999,0.1994949494949496,0.07854989581390083
73,0.0,0.427927927927928,0.0,0.1994949494949496,0.07063410357048774
74,0.30808080808080807,0.0,0.7272727272727271,1.0,0.03004222433899946
75,0.0707070707070707,0.5675675675675677,0.45454545454545453,0.1994949494949496,1.0000000000000002
76,0.1919191919191919,0.14864864864864866,0.2727272727272727,0.1994949494949496,0.035350390509544305
77,0.14898989898989898,0.06756756756756757,0.9999999999999999,0.1994949494949496,0.06068523524434785
78,0.797979797979798,0.0,0.0,0.0,0.0006686706905966767
79,0.1919191919191919,0.445945945945946,0.45454545454545453,0.601010101010101,0.3524030376645876
80,0.09090909090909091,0.7837837837837838,0.0,0.0,0.29757342009354226
81,0.797979797979798,0.1801801801801802,0.7272727272727271,1.0,0.06214979471516749
82,0.0101010101010101,0.24324324324324328,0.45454545454545453,0.0,0.08367533681506376
83,0.0707070707070707,0.1801801801801802,0.7272727272727271,0.0,0.08084723386329035
84,0.3939393939393939,0.0,0.0909090909090909,0.0,0.007093218693170963
85,0.0303030303030303,0.30180180180180183,0.2727272727272727,0.601010101010101,0.08297132776623756
86,0.11616161616161617,0.445945945945946,0.45454545454545453,0.0,0.42884938753798485
87,0.11616161616161617,0.0,0.7272727272727271,0.0,0.04004642736265972
88,0.05303030303030304,0.6936936936936938,0.0909090909090909,0.0,0.4927480345063726
89,0.30808080808080807,0.13513513513513514,0.9999999999999999,0.0,0.08437176104553826
90,0.24242424242424243,0.7837837837837838,0.0,0.601010101010101,0.27874066089073557
91,0.0707070707070707,0.1801801801801802,0.7272727272727271,1.0,0.06214979471516749
92,0.0303030303030303,0.0,0.45454545454545453,1.0,0.0206534258952387
93,0.0707070707070707,0.0,0.2727272727272727,0.0,0.018966148576455438
94,0.021717171717171715,0.14864864864864866,0.2727272727272727,0.1994949494949496,0.035350390509544305
95,0.11616161616161617,0.21621621621621623,0.0,0.1994949494949496,0.0087362110157144
96,0.09090909090909091,0.5540540540540542,0.2727272727272727,0.0,0.714953907231259
97,0.0707070707070707,0.0,0.0,0.0,0.0006686706905966767
98,0.6212121212121212,0.0,0.9999999999999999,0.1994949494949496,0.046555235801832004
99,0.09090909090909091,0.37837837837837845,0.0909090909090909,0.0,0.09320841918974214
100,0.0404040404040404,0.0,0.45454545454545453,0.1994949494949496,0.02641219922876878
101,0.09090909090909091,0.8873873873873874,0.0909090909090909,1.0,0.5812318358683922
102,0.005808080808080807,0.5675675675675677,0.45454545454545453,0.1994949494949496,1.0000000000000002
103,0.0303030303030303,0.6936936936936938,0.0909090909090909,0.601010101010101,0.46184334736789057
104,0.0404040404040404,0.0,0.45454545454545453,1.0,0.0206534258952387
105,0.015151515151515152,0.24324324324324328,0.45454545454545453,1.0,0.06225253452738601
106,0.0303030303030303,0.0,0.9999999999999999,0.1994949494949496,0.046555235801832004
107,0.11616161616161617,0.18918918918918923,0.0909090909090909,1.0,0.01770706873007283
108,1.0,0.21621621621621623,0.0,0.601010101010101,0.008145681192363785
109,0.005808080808080807,0.1801801801801802,0.9999999999999999,1.0,0.07890017651596128
110,0.0101010101010101,0.24324324324324328,0.45454545454545453,0.1994949494949496,0.07670333730973182
111,0.30808080808080807,0.24324324324324328,0.45454545454545453,0.601010101010101,0.06778410807483555
112,0.1919191919191919,0.5540540540540542,0.2727272727272727,1.0,0.5753863542705234
113,0.05303030303030304,0.0,0.45454545454545453,0.0,0.029190656096785596
114,0.14898989898989898,0.445945945945946,0.45454545454545453,0.601010101010101,0.3524030376645876
115,0.0404040404040404,0.0,0.2727272727272727,0.1994949494949496,0.01831799137185541
116,0.0303030303030303,0.6936936936936938,0.0909090909090909,1.0,0.4486457634359282
117,0.0303030303030303,0.37837837837837845,0.0909090909090909,0.601010101010101,0.08701610453451815
118,0.005808080808080807,0.445945945945946,0.45454545454545453,1.0,0.3257923920065806
119,0.015151515151515152,0.6936936936936938,0.0909090909090909,0.0,0.4927480345063726
120,0.0404040404040404,0.5540540540540542,0.2727272727272727,0.1994949494949496,0.6968744583965647
121,0.11616161616161617,0.0,0.0,0.0,0.0006686706905966767
122,0.005808080808080807,0.445945945945946,0.45454545454545453,0.1994949494949496,0.3953089760222862
123,0.0303030303030303,0.0,0.45454545454545453,0.0,0.029190656096785596
124,0.0101010101010101,0.23873873873873874,0.7272727272727271,1.0,0.08263173476276361
125,0.0404040404040404,0.13513513513513514,0.9999999999999999,0.0,0.08437176104553826
126,0.021717171717171715,0.5540540540540542,0.2727272727272727,1.0,0.5753863542705234
127,0.015151515151515152,0.1801801801801802,0.9999999999999999,1.0,0.07890017651596128
128,0.0303030303030303,0.7837837837837838,0.0,0.0,0.29757342009354226
129,0.1919191919191919,0.13513513513513514,0.9999999999999999,0.601010101010101,0.07109453652088313
130,0.0707070707070707,0.12162162162162164,0.45454545454545453,0.1994949494949496,0.0439119266062637
131,0.11616161616161617,0.427927927927928,0.0,0.0,0.07262615268122122
132,0.24242424242424243,0.0,0.7272727272727271,1.0,0.03004222433899946
133,0.0101010101010101,0.5675675675675677,0.45454545454545453,0.1994949494949496,1.0000000000000002
134,0.0404040404040404,0.1801801801801802,0.7272727272727271,0.601010101010101,0.06697942780061403
135,0.11616161616161617,0.5540540540540542,0.2727272727272727,0.1994949494949496,0.6968744583965647
136,0.14898989898989898,0.37837837837837845,0.0909090909090909,0.1994949494949496,0.09070077481332815
137,0.09090909090909091,0.8873873873873874,0.0909090909090909,0.1994949494949496,0.6220123012652615
138,0.3939393939393939,0.0,0.45454545454545453,1.0,0.0206534258952387
139,0.24242424242424243,0.14864864864864866,0.2727272727272727,0.1994949494949496,0.035350390509544305
140,0.0707070707070707,0.0,0.7272727272727271,0.601010101010101,0.032626406427871533
141,0.05303030303030304,0.40090090090090097,0.2727272727272727,1.0,0.17079835281189387
142,0.021717171717171715,0.0,0.45454545454545453,0.601010101010101,0.022857849919819852
143,0.11616161616161617,0.12162162162162164,0.45454545454545453,1.0,0.03512853457275701
144,0.0101010101010101,0.5540540540540542,0.2727272727272727,1.0,0.5753863542705234
145,0.494949494949495,0.14864864864864866,0.2727272727272727,0.1994949494949496,0.035350390509544305
146,0.1919191919191919,0.5045045045045046,0.0909090909090909,1.0,0.23566923558718167
147,0.1919191919191919,0.0,0.7272727272727271,0.601010101010101,0.032626406427871533
148,0.0404040404040404,0.6936936936936938,0.0909090909090909,0.1994949494949496,0.4802330842260637
149,0.021717171717171715,0.32432432432432434,0.45454545454545453,0.1994949494949496,0.14981857286884964
150,0.005808080808080807,1.0,0.0,0.1994949494949496,0.3878965399058497
151,0.1919191919191919,0.5540540540540542,0.2727272727272727,0.601010101010101,0.6278612305078357
152,0.1919191919191919,0.6936936936936938,0.0909090909090909,0.601010101010101,0.46184334736789057
153,1.0,0.0,0.0,1.0,0.0
154,0.021717171717171715,0.13513513513513514,0.9999999999999999,0.0,0.08437176104553826
155,0.494949494949495,0.21621621621621623,0.0,0.1994949494949496,0.0087362110157144
156,0.0707070707070707,0.7837837837837838,0.0,0.1994949494949496,0.2899455061830233
157,0.30808080808080807,0.14864864864864866,0.2727272727272727,0.601010101010101,0.03120666633822105
158,0.05303030303030304,0.18918918918918923,0.0909090909090909,0.1994949494949496,0.019413825241441144
159,0.002525252525252526,0.445945945945946,0.45454545454545453,0.1994949494949496,0.3953089760222862
160,0.015151515151515152,0.37837837837837845,0.0909090909090909,0.0,0.09320841918974214
161,0.0,0.5540540540540542,0.2727272727272727,0.601010101010101,0.6278612305078357
162,0.3939393939393939,0.12162162162162164,0.45454545454545453,1.0,0.03512853457275701
163,0.0303030303030303,0.445945945945946,0.45454545454545453,0.1994949494949496,0.3953089760222862
164,0.494949494949495,0.0,0.0909090909090909,1.0,0.005857479401443372
165,0.05303030303030304,0.0,0.0909090909090909,0.1994949494949496,0.006742558750192938
166,0.0404040404040404,0.5540540540540542,0.2727272727272727,0.0,0.714953907231259
167,0.14898989898989898,0.445945945945946,0.45454545454545453,1.0,0.3257923920065806
168,0.14898989898989898,0.0,0.7272727272727271,1.0,0.03004222433899946
169,0.0404040404040404,0.0,0.0,0.0,0.0006686706905966767
170,0.1919191919191919,0.5540540540540542,0.2727272727272727,0.1994949494949496,0.6968744583965647
171,0.14898989898989898,0.7027027027027027,0.2727272727272727,0.1994949494949496,0.9041106578109546
172,0.0707070707070707,0.5675675675675677,0.45454545454545453,1.0,0.8259732382095982
173,0.1919191919191919,0.8873873873873874,0.0909090909090909,0.1994949494949496,0.6220123012652615
174,0.24242424242424243,0.18918918918918923,0.0909090909090909,0.1994949494949496,0.019413825241441144
175,0.24242424242424243,0.14864864864864866,0.2727272727272727,0.601010101010101,0.03120666633822105
176,0.09090909090909091,0.24324324324324328,0.45454545454545453,0.1994949494949496,0.07670333730973182
177,0.0707070707070707,0.0,0.2727272727272727,0.601010101010101,0.015844478678024083
178,0.1919191919191919,0.37837837837837845,0.0909090909090909,0.0,0.09320841918974214
179,0.6212121212121212,0.12162162162162164,0.45454545454545453,0.1994949494949496,0.0439119266062637
180,0.30808080808080807,0.0,0.0909090909090909,0.0,0.007093218693170963
181,0.0404040404040404,0.427927927927928,0.0,0.601010101010101,0.06770688083343639
182,0.0404040404040404,0.0,0.2727272727272727,0.0,0.018966148576455438
183,0.005808080808080807,0.24324324324324328,0.45454545454545453,0.1994949494949496,0.07670333730973182
184,0.14898989898989898,0.5540540540540542,0.2727272727272727,0.0,0.714953907231259
185,0.05303030303030304,0.5675675675675677,0.45454545454545453,0.1994949494949496,1.0000000000000002
186,0.797979797979798,0.0,0.45454545454545453,0.601010101010101,0.022857849919819852
187,0.0707070707070707,0.30180180180180183,0.2727272727272727,0.601010101010101,0.08297132776623756
188,0.015151515151515152,0.32882882882882886,0.7272727272727271,0.0,0.22179591329297682
189,0.24242424242424243,0.0,0.2727272727272727,0.1994949494949496,0.01831799137185541
190,0.015151515151515152,0.6936936936936938,0.0909090909090909,0.1994949494949496,0.4802330842260637
191,0.09090909090909091,0.18918918918918923,0.0909090909090909,1.0,0.01770706873007283
192,0.30808080808080807,0.23873873873873874,0.7272727272727271,1.0,0.08263173476276361
193,0.0707070707070707,0.6936936936936938,0.0909090909090909,0.0,0.4927480345063726
194,0.494949494949495,0.5720720720720721,0.0,0.1994949494949496,0.21762598702189315
195,0.1919191919191919,0.1801801801801802,0.7272727272727271,1.0,0.06214979471516749
196,0.0,0.5540540540540542,0.2727272727272727,0.1994949494949496,0.6968744583965647
197,0.11616161616161617,0.1801801801801802,0.7272727272727271,0.601010101010101,0.06697942780061403
198,0.015151515151515152,0.7837837837837838,0.0,0.601010101010101,0.27874066089073557
199,0.24242424242424243,0.427927927927928,0.0,0.1994949494949496,0.07063410357048774
200,0.0303030303030303,0.21621621621621623,0.0,0.1994949494949496,0.0087362110157144
201,0.05303030303030304,0.0,0.2727272727272727,0.1994949494949496,0.01831799137185541
202,0.24242424242424243,0.40090090090090097,0.2727272727272727,1.0,0.17079835281189387
203,0.1919191919191919,0.427927927927928,0.0,0.1994949494949496,0.07063410357048774
204,0.002525252525252526,0.1801801801801802,0.9999999999999999,0.1994949494949496,0.09301190344153894
205,0.30808080808080807,0.0900900900900901,0.7272727272727271,0.0,0.057283099449138786
206,0.30808080808080807,0.0,0.45454545454545453,0.1994949494949496,0.02641219922876878
207,0.24242424242424243,0.0,0.7272727272727271,0.0,0.04004642736265972
208,0.021717171717171715,0.0,0.7272727272727271,0.1994949494949496,0.036793746965426234
209,0.09090909090909091,0.5540540540540542,0.2727272727272727,1.0,0.5753863542705234
210,0.0707070707070707,0.0,0.9999999999999999,0.601010101010101,0.0418910896622408
211,0.0404040404040404,0.18918918918918923,0.0909090909090909,0.1994949494949496,0.019413825241441144
212,0.3939393939393939,0.0,0.0,0.601010101010101,0.00020010129869673168
213,0.0101010101010101,0.7837837837837838,0.0,0.1994949494949496,0.2899455061830233
214,0.11616161616161617,0.24324324324324328,0.45454545454545453,1.0,0.06225253452738601
215,0.30808080808080807,0.5540540540540542,0.2727272727272727,0.601010101010101,0.6278612305078357
216,0.021717171717171715,0.0900900900900901,0.7272727272727271,1.0,0.04360629290313715
217,0.14898989898989898,0.0,0.0,0.0,0.0006686706905966767
218,0.09090909090909091,0.0,0.7272727272727271,0.601010101010101,0.032626406427871533
219,0.021717171717171715,0.0,0.9999999999999999,0.0,0.05019732766853131
220,0.0101010101010101,0.1801801801801802,0.9999999999999999,1.0,0.07890017651596128
221,0.0101010101010101,0.13513513513513514,0.9999999999999999,1.0,0.06648072599398959
222,0.1919191919191919,0.14864864864864866,0.2727272727272727,0.601010101010101,0.03120666633822105
223,0.0303030303030303,0.5675675675675677,0.45454545454545453,0.1994949494949496,1.0000000000000002
224,0.005808080808080807,0.06756756756756757,0.9999999999999999,0.1994949494949496,0.06068523524434785
225,0.0101010101010101,0.30180180180180183,0.2727272727272727,0.1994949494949496,0.09274298715452403
226,0.021717171717171715,0.427927927927928,0.0,0.601010101010101,0.06770688083343639
227,0.24242424242424243,0.7837837837837838,0.0,0.0,0.29757342009354226
228,0.021717171717171715,0.8873873873873874,0.0909090909090909,0.1994949494949496,0.6220123012652615
229,0.1919191919191919,0.0,0.0,0.601010101010101,0.00020010129869673168
230,0.1919191919191919,0.7027027027027027,0.2727272727272727,1.0,0.7468497922225203
231,0.09090909090909091,0.0,0.45454545454545453,0.0,0.029190656096785596
232,0.1919191919191919,0.5720720720720721,0.0,0.1994949494949496,0.21762598702189315
233,0.0101010101010101,0.6936936936936938,0.0909090909090909,0.0,0.4927480345063726
234,0.14898989898989898,0.40090090090090097,0.2727272727272727,1.0,0.17079835281189387
235,0.14898989898989898,0.5720720720720721,0.0,1.0,0.20306830725368244
236,0.0303030303030303,0.7027027027027027,0.2727272727272727,1.0,0.7468497922225203
237,0.0,0.6936936936936938,0.0909090909090909,0.1994949494949496,0.4802330842260637
238,0.0303030303030303,0.7837837837837838,0.0,1.0,0.2706973057932257
239,0.0303030303030303,0.14864864864864866,0.2727272727272727,1.0,0.028055863842029745
240,0.0303030303030303,0.445945945945946,0.45454545454545453,0.601010101010101,0.3524030376645876
241,0.0404040404040404,0.7837837837837838,0.0,0.601010101010101,0.27874066089073557
242,0.0707070707070707,0.30180180180180183,0.2727272727272727,1.0,0.07554130866180395
243,0.021717171717171715,0.32882882882882886,0.7272727272727271,1.0,0.17306690302799396
244,0.14898989898989898,0.6936936936936938,0.0909090909090909,0.0,0.4927480345063726
245,0.0101010101010101,0.24324324324324328,0.45454545454545453,0.601010101010101,0.06778410807483555
246,0.0404040404040404,0.23873873873873874,0.7272727272727271,0.1994949494949496,0.09899236032962104
247,0.0404040404040404,0.7027027027027027,0.2727272727272727,1.0,0.7468497922225203
248,0.30808080808080807,0.6936936936936938,0.0909090909090909,0.1994949494949496,0.4802330842260637
249,0.0707070707070707,0.24324324324324328,0.45454545454545453,1.0,0.06225253452738601
250,0.0404040404040404,0.30180180180180183,0.2727272727272727,1.0,0.07554130866180395
251,0.0707070707070707,0.18918918918918923,0.0909090909090909,0.1994949494949496,0.019413825241441144
252,0.0707070707070707,0.6936936936936938,0.0909090909090909,0.601010101010101,0.46184334736789057
253,0.11616161616161617,0.06756756756756757,0.9999999999999999,1.0,0.051139051819789276
254,0.021717171717171715,0.7837837837837838,0.0,0.1994949494949496,0.2899455061830233
255,0.0707070707070707,0.21621621621621623,0.0,0.0,0.009138102959013471
256,0.021717171717171715,0.14864864864864866,0.2727272727272727,0.0,0.036435881445014084
257,0.05303030303030304,0.06756756756756757,0.9999999999999999,0.1994949494949496,0.06068523524434785
258,0.0303030303030303,0.445945945945946,0.45454545454545453,1.0,0.3257923920065806
259,0.0303030303030303,0.5540540540540542,0.2727272727272727,0.601010101010101,0.6278612305078357
260,0.005808080808080807,0.7837837837837838,0.0,0.601010101010101,0.27874066089073557
261,0.30808080808080807,0.40090090090090097,0.2727272727272727,0.1994949494949496,0.2078743239728975
262,0.0303030303030303,0.24324324324324328,0.45454545454545453,0.1994949494949496,0.07670333730973182
263,0.0,0.0,0.9999999999999999,0.1994949494949496,0.046555235801832004
264,0.0101010101010101,0.0900900900900901,0.7272727272727271,0.1994949494949496,0.052836154925982697
265,0.797979797979798,0.12162162162162164,0.45454545454545453,1.0,0.03512853457275701
266,0.11616161616161617,0.0,0.0,1.0,0.0
267,0.494949494949495,0.06756756756756757,0.9999999999999999,0.1994949494949496,0.06068523524434785
268,0.05303030303030304,0.24324324324324328,0.45454545454545453,0.1994949494949496,0.07670333730973182
269,0.0404040404040404,0.5540540540540542,0.2727272727272727,0.601010101010101,0.6278612305078357
270,0.0707070707070707,0.14864864864864866,0.2727272727272727,0.0,0.036435881445014084
271,0.24242424242424243,0.32882882882882886,0.7272727272727271,0.1994949494949496,0.20595226204968203
272,0.021717171717171715,0.8873873873873874,0.0909090909090909,1.0,0.5812318358683922
273,0.0404040404040404,0.32882882882882886,0.7272727272727271,0.601010101010101,0.18565425384711468
274,0.0404040404040404,0.1801801801801802,0.9999999999999999,1.0,0.07890017651596128
275,0.24242424242424243,0.0,0.0909090909090909,0.1994949494949496,0.006742558750192938
276,0.09090909090909091,0.0900900900900901,0.7272727272727271,0.0,0.057283099449138786
277,0.14898989898989898,0.0900900900900901,0.7272727272727271,0.1994949494949496,0.052836154925982697
278,0.14898989898989898,0.6936936936936938,0.0909090909090909,0.601010101010101,0.46184334736789057
279,0.09090909090909091,0.1801801801801802,0.7272727272727271,1.0,0.06214979471516749
280,0.05303030303030304,0.12162162162162164,0.45454545454545453,0.1994949494949496,0.0439119266062637
281,0.3939393939393939,0.0,0.2727272727272727,0.0,0.018966148576455438
282,0.0707070707070707,0.8873873873873874,0.0909090909090909,0.1994949494949496,0.6220123012652615
283,0.021717171717171715,0.1801801801801802,0.7272727272727271,1.0,0.06214979471516749
284,0.05303030303030304,0.5540540540540542,0.2727272727272727,0.0,0.714953907231259
285,0.0707070707070707,0.427927927927928,0.0,1.0,0.06560623091448535
286,0.24242424242424243,0.5540540540540542,0.2727272727272727,0.601010101010101,0.6278612305078357
287,0.1919191919191919,0.23873873873873874,0.7272727272727271,1.0,0.08263173476276361
288,0.11616161616161617,0.8873873873873874,0.0909090909090909,0.1994949494949496,0.6220123012652615
289,0.0303030303030303,0.5675675675675677,0.45454545454545453,1.0,0.8259732382095982
290,0.1919191919191919,0.24324324324324328,0.45454545454545453,1.0,0.06225253452738601
291,0.0404040404040404,0.14864864864864866,0.2727272727272727,0.0,0.036435881445014084
292,0.0101010101010101,0.37837837837837845,0.0909090909090909,0.601010101010101,0.08701610453451815
293,0.30808080808080807,0.0,0.0,0.1994949494949496,0.0004789123260159024
294,0.09090909090909091,0.30180180180180183,0.2727272727272727,0.1994949494949496,0.09274298715452403
295,0.021717171717171715,0.1801801801801802,0.7272727272727271,0.601010101010101,0.06697942780061403
296,0.11616161616161617,0.18918918918918923,0.0909090909090909,0.1994949494949496,0.019413825241441144
297,0.30808080808080807,0.13513513513513514,0.9999999999999999,0.1994949494949496,0.07854989581390083
298,0.021717171717171715,0.30180180180180183,0.2727272727272727,0.0,0.09530303573045888
299,0.14898989898989898,0.0900900900900901,0.7272727272727271,0.601010101010101,0.04713909443267783
300,0.1919191919191919,0.0,0.0909090909090909,1.0,0.005857479401443372
301,0.797979797979798,0.0,0.7272727272727271,1.0,0.03004222433899946
302,0.14898989898989898,0.32882882882882886,0.7272727272727271,1.0,0.17306690302799396
303,0.0303030303030303,0.0,0.0909090909090909,1.0,0.005857479401443372
304,0.0707070707070707,0.7837837837837838,0.0,1.0,0.2706973057932257
305,0.3939393939393939,0.23873873873873874,0.7272727272727271,1.0,0.08263173476276361
306,0.14898989898989898,0.18918918918918923,0.0909090909090909,0.1994949494949496,0.019413825241441144
307,0.0404040404040404,0.427927927927928,0.0,1.0,0.06560623091448535
308,0.24242424242424243,0.24324324324324328,0.45454545454545453,0.1994949494949496,0.07670333730973182
309,0.11616161616161617,0.0,0.45454545454545453,0.601010101010101,0.022857849919819852
310,0.09090909090909091,0.0,0.0909090909090909,0.601010101010101,0.006227273772535917
311,0.24242424242424243,0.0,0.45454545454545453,1.0,0.0206534258952387
312,0.24242424242424243,0.0,0.0909090909090909,0.0,0.007093218693170963
313,0.0,0.445945945945946,0.45454545454545453,1.0,0.3257923920065806
314,0.09090909090909091,0.0,0.2727272727272727,0.601010101010101,0.015844478678024083
315,0.0404040404040404,0.0900900900900901,0.7272727272727271,0.0,0.057283099449138786
316,0.14898989898989898,0.23873873873873874,0.7272727272727271,0.1994949494949496,0.09899236032962104
317,0.05303030303030304,0.14864864864864866,0.2727272727272727,0.1994949494949496,0.035350390509544305
318,0.0101010101010101,0.0,0.7272727272727271,0.1994949494949496,0.036793746965426234
319,0.14898989898989898,0.1801801801801802,0.7272727272727271,0.1994949494949496,0.07476782957216557
320,0.494949494949495,0.06756756756756757,0.9999999999999999,1.0,0.051139051819789276
321,0.0707070707070707,0.0,0.45454545454545453,0.1994949494949496,0.02641219922876878
322,0.0101010101010101,0.13513513513513514,0.9999999999999999,0.1994949494949496,0.07854989581390083
323,0.14898989898989898,0.23873873873873874,0.7272727272727271,1.0,0.08263173476276361
324,0.05303030303030304,0.13513513513513514,0.9999999999999999,0.1994949494949496,0.07854989581390083
325,0.494949494949495,0.14864864864864866,0.2727272727272727,0.601010101010101,0.03120666633822105
326,0.24242424242424243,0.14864864864864866,0.2727272727272727,1.0,0.028055863842029745
327,0.14898989898989898,0.0,0.9999999999999999,0.0,0.05019732766853131
328,0.11616161616161617,0.5720720720720721,0.0,0.1994949494949496,0.21762598702189315
329,0.11616161616161617,0.0,0.7272727272727271,1.0,0.03004222433899946
330,0.24242424242424243,0.21621621621621623,0.0,1.0,0.007721879466962411
331,0.0303030303030303,0.0,0.7272727272727271,0.601010101010101,0.032626406427871533
332,0.09090909090909091,0.0,0.0909090909090909,0.1994949494949496,0.006742558750192938
333,0.0404040404040404,0.6936936936936938,0.0909090909090909,1.0,0.4486457634359282
334,0.24242424242424243,0.1801801801801802,0.7272727272727271,0.1994949494949496,0.07476782957216557
335,0.30808080808080807,0.21621621621621623,0.0,0.0,0.009138102959013471
336,0.0303030303030303,0.1801801801801802,0.9999999999999999,1.0,0.07890017651596128
337,0.14898989898989898,0.13513513513513514,0.9999999999999999,0.601010101010101,0.07109453652088313
338,0.1919191919191919,0.37837837837837845,0.0909090909090909,0.601010101010101,0.08701610453451815
339,0.24242424242424243,0.445945945945946,0.45454545454545453,0.1994949494949496,0.3953089760222862
340,0.30808080808080807,0.1801801801801802,0.7272727272727271,0.1994949494949496,0.07476782957216557
341,0.30808080808080807,0.7837837837837838,0.0,1.0,0.2706973057932257
342,0.494949494949495,0.0,0.9999999999999999,1.0,0.039004721514947494
343,0.14898989898989898,0.0900900900900901,0.7272727272727271,0.0,0.057283099449138786
344,0.015151515151515152,0.445945945945946,0.45454545454545453,1.0,0.3257923920065806
345,0.0101010101010101,0.7027027027027027,0.2727272727272727,1.0,0.7468497922225203
346,0.0303030303030303,0.30180180180180183,0.2727272727272727,0.0,0.09530303573045888
347,0.11616161616161617,0.0,0.0909090909090909,0.601010101010101,0.006227273772535917
348,0.14898989898989898,0.21621621621621623,0.0,0.601010101010101,0.008145681192363785
349,0.05303030303030304,0.5045045045045046,0.0909090909090909,0.1994949494949496,0.25249029410443447
350,0.005808080808080807,0.24324324324324328,0.45454545454545453,0.0,0.08367533681506376
351,0.05303030303030304,0.1801801801801802,0.7272727272727271,1.0,0.06214979471516749
352,0.005808080808080807,0.5720720720720721,0.0,1.0,0.20306830725368244
353,0.002525252525252526,0.6936936936936938,0.0909090909090909,0.601010101010101,0.46184334736789057
354,0.021717171717171715,0.5720720720720721,0.0,0.1994949494949496,0.21762598702189315
355,0.0707070707070707,0.14864864864864866,0.2727272727272727,1.0,0.028055863842029745
356,1.0,0.1801801801801802,0.7272727272727271,1.0,0.06214979471516749
357,0.0,0.32882882882882886,0.7272727272727271,0.1994949494949496,0.20595226204968203
358,0.09090909090909091,0.427927927927928,0.0,0.0,0.07262615268122122
359,0.11616161616161617,0.6936936936936938,0.0909090909090909,0.0,0.4927480345063726
360,0.1919191919191919,0.24324324324324328,0.45454545454545453,0.601010101010101,0.06778410807483555
361,0.005808080808080807,0.32882882882882886,0.7272727272727271,0.1994949494949496,0.20595226204968203
362,0.3939393939393939,0.06756756756756757,0.9999999999999999,0.1994949494949496,0.06068523524434785
363,0.14898989898989898,0.5675675675675677,0.45454545454545453,0.1994949494949496,1.0000000000000002
364,0.05303030303030304,0.445945945945946,0.45454545454545453,0.0,0.42884938753798485
365,0.0303030303030303,0.5720720720720721,0.0,1.0,0.20306830725368244
366,0.021717171717171715,0.6936936936936938,0.0909090909090909,1.0,0.4486457634359282
367,0.494949494949495,0.18918918918918923,0.0909090909090909,0.1994949494949496,0.019413825241441144
368,0.1919191919191919,0.0,0.7272727272727271,1.0,0.03004222433899946
369,0.14898989898989898,0.427927927927928,0.0,0.601010101010101,0.06770688083343639
370,0.14898989898989898,0.5540540540540542,0.2727272727272727,0.1994949494949496,0.6968744583965647
371,0.021717171717171715,0.37837837837837845,0.0909090909090909,0.1994949494949496,0.09070077481332815
372,0.021717171717171715,0.427927927927928,0.0,1.0,0.06560623091448535
373,0.0707070707070707,0.445945945945946,0.45454545454545453,1.0,0.3257923920065806
374,0.09090909090909091,0.0,0.0,0.0,0.0006686706905966767
375,0.05303030303030304,1.0,0.0,0.1994949494949496,0.3878965399058497
376,0.30808080808080807,0.32882882882882886,0.7272727272727271,0.0,0.22179591329297682
377,0.05303030303030304,0.0,0.9999999999999999,0.0,0.05019732766853131
378,0.05303030303030304,0.32432432432432434,0.45454545454545453,1.0,0.12273111794809702
379,0.09090909090909091,0.0900900900900901,0.7272727272727271,1.0,0.04360629290313715
380,0.0404040404040404,0.32882882882882886,0.7272727272727271,1.0,0.17306690302799396
381,0.015151515151515152,0.0,0.7272727272727271,0.0,0.04004642736265972
382,0.3939393939393939,0.5720720720720721,0.0,1.0,0.20306830725368244
383,0.005808080808080807,0.6936936936936938,0.0909090909090909,1.0,0.4486457634359282
384,0.09090909090909091,0.23873873873873874,0.7272727272727271,1.0,0.08263173476276361
385,0.05303030303030304,0.0,0.9999999999999999,0.601010101010101,0.0418910896622408
386,0.3939393939393939,0.6936936936936938,0.0909090909090909,1.0,0.4486457634359282
387,0.0707070707070707,0.5540540540540542,0.2727272727272727,0.0,0.714953907231259
388,0.1919191919191919,0.0,0.0,0.0,0.0006686706905966767
389,0.1919191919191919,0.7837837837837838,0.0,0.601010101010101,0.27874066089073557
390,0.0707070707070707,0.0,0.0909090909090909,0.0,0.007093218693170963
391,0.0707070707070707,0.0900900900900901,0.7272727272727271,0.601010101010101,0.04713909443267783
392,0.11616161616161617,0.32432432432432434,0.45454545454545453,1.0,0.12273111794809702
393,0.0404040404040404,0.427927927927928,0.0,0.1994949494949496,0.07063410357048774
394,0.021717171717171715,0.24324324324324328,0.45454545454545453,0.601010101010101,0.06778410807483555
395,0.09090909090909091,0.30180180180180183,0.2727272727272727,0.0,0.09530303573045888
396,0.05303030303030304,0.14864864864864866,0.2727272727272727,0.601010101010101,0.03120666633822105
397,0.1919191919191919,0.0,0.0909090909090909,0.601010101010101,0.006227273772535917
398,0.05303030303030304,0.32882882882882886,0.7272727272727271,0.1994949494949496,0.20595226204968203
399,0.021717171717171715,0.0900900900900901,0.7272727272727271,0.1994949494949496,0.052836154925982697
400,0.021717171717171715,0.427927927927928,0.0,0.1994949494949496,0.07063410357048774
401,0.30808080808080807,0.06756756756756757,0.9999999999999999,1.0,0.051139051819789276
402,0.015151515151515152,0.24324324324324328,0.45454545454545453,0.0,0.08367533681506376
403,0.0404040404040404,0.06756756756756757,0.9999999999999999,0.1994949494949496,0.06068523524434785
404,0.021717171717171715,0.0900900900900901,0.7272727272727271,0.601010101010101,0.04713909443267783
405,0.11616161616161617,0.0900900900900901,0.7272727272727271,1.0,0.04360629290313715
406,0.24242424242424243,0.0,0.9999999999999999,1.0,0.039004721514947494
407,0.0,0.32882882882882886,0.7272727272727271,0.0,0.22179591329297682
408,0.015151515151515152,0.6936936936936938,0.0909090909090909,1.0,0.4486457634359282
409,0.0,0.6936936936936938,0.0909090909090909,0.601010101010101,0.46184334736789057
410,0.11616161616161617,0.23873873873873874,0.7272727272727271,0.1994949494949496,0.09899236032962104
411,0.14898989898989898,0.37837837837837845,0.0909090909090909,0.601010101010101,0.08701610453451815
412,0.05303030303030304,0.0,0.2727272727272727,0.0,0.018966148576455438
413,0.0101010101010101,0.6936936936936938,0.0909090909090909,1.0,0.4486457634359282
414,0.0707070707070707,0.40090090090090097,0.2727272727272727,0.1994949494949496,0.2078743239728975
415,0.30808080808080807,0.445945945945946,0.45454545454545453,0.1994949494949496,0.3953089760222862
416,0.494949494949495,0.0,0.0909090909090909,0.0,0.007093218693170963
417,0.09090909090909091,0.0,0.45454545454545453,1.0,0.0206534258952387
418,0.14898989898989898,0.37837837837837845,0.0909090909090909,1.0,0.08437176104553826
419,0.24242424242424243,0.12162162162162164,0.45454545454545453,0.1994949494949496,0.0439119266062637
420,0.0303030303030303,0.12162162162162164,0.45454545454545453,0.1994949494949496,0.0439119266062637
421,0.0707070707070707,0.14864864864864866,0.2727272727272727,0.601010101010101,0.03120666633822105
422,0.24242424242424243,0.0,0.0,1.0,0.0
423,0.11616161616161617,0.0,0.2727272727272727,1.0,0.013963616109037142
424,0.0707070707070707,0.5540540540540542,0.2727272727272727,0.1994949494949496,0.6968744583965647
425,0.021717171717171715,0.7837837837837838,0.0,0.0,0.29757342009354226
426,0.1919191919191919,1.0,0.0,1.0,0.362297777968854
427,0.11616161616161617,0.427927927927928,0.0,0.601010101010101,0.06770688083343639
428,0.0707070707070707,0.14864864864864866,0.2727272727272727,0.1994949494949496,0.035350390509544305
429,0.30808080808080807,0.14864864864864866,0.2727272727272727,0.0,0.036435881445014084
430,0.14898989898989898,0.14864864864864866,0.2727272727272727,1.0,0.028055863842029745
431,0.30808080808080807,0.21621621621621623,0.0,0.1994949494949496,0.0087362110157144
432,0.021717171717171715,0.13513513513513514,0.9999999999999999,0.1994949494949496,0.07854989581390083
433,0.494949494949495,0.12162162162162164,0.45454545454545453,1.0,0.03512853457275701
434,0.24242424242424243,0.445945945945946,0.45454545454545453,0.0,0.42884938753798485
435,0.0101010101010101,0.32882882882882886,0.7272727272727271,0.601010101010101,0.18565425384711468
436,0.0303030303030303,0.7027027027027027,0.2727272727272727,0.1994949494949496,0.9041106578109546
437,0.0404040404040404,0.0900900900900901,0.7272727272727271,0.1994949494949496,0.052836154925982697
438,0.021717171717171715,0.445945945945946,0.45454545454545453,0.1994949494949496,0.3953089760222862
439,0.0,0.5540540540540542,0.2727272727272727,1.0,0.5753863542705234
440,0.24242424242424243,0.1801801801801802,0.7272727272727271,1.0,0.06214979471516749
441,0.015151515151515152,0.24324324324324328,0.45454545454545453,0.601010101010101,0.06778410807483555
442,0.30808080808080807,0.445945945945946,0.45454545454545453,0.601010101010101,0.3524030376645876
443,0.11616161616161617,0.37837837837837845,0.0909090909090909,1.0,0.08437176104553826
444,0.0404040404040404,0.14864864864864866,0.2727272727272727,0.601010101010101,0.03120666633822105
445,0.1919191919191919,0.40090090090090097,0.2727272727272727,1.0,0.17079835281189387
446,0.0404040404040404,0.24324324324324328,0.45454545454545453,0.1994949494949496,0.07670333730973182
447,0.0101010101010101,0.445945945945946,0.45454545454545453,0.1994949494949496,0.3953089760222862
448,0.3939393939393939,0.32432432432432434,0.45454545454545453,0.1994949494949496,0.14981857286884964
449,0.30808080808080807,0.32432432432432434,0.45454545454545453,1.0,0.12273111794809702
450,0.021717171717171715,0.24324324324324328,0.45454545454545453,0.1994949494949496,0.07670333730973182
451,0.11616161616161617,0.0900900900900901,0.7272727272727271,0.0,0.057283099449138786
452,0.0,0.7837837837837838,0.0,0.1994949494949496,0.2899455061830233
453,0.14898989898989898,0.6936936936936938,0.0909090909090909,0.1994949494949496,0.4802330842260637
454,0.0707070707070707,0.37837837837837845,0.0909090909090909,0.601010101010101,0.08701610453451815
455,0.05303030303030304,0.23873873873873874,0.7272727272727271,0.1994949494949496,0.09899236032962104
456,0.0707070707070707,0.0,0.45454545454545453,1.0,0.0206534258952387
457,0.005808080808080807,0.0900900900900901,0.7272727272727271,0.0,0.057283099449138786
458,0.015151515151515152,0.0900900900900901,0.7272727272727271,0.601010101010101,0.04713909443267783
459,0.14898989898989898,0.37837837837837845,0.0909090909090909,0.0,0.09320841918974214
460,0.015151515151515152,0.37837837837837845,0.0909090909090909,0.601010101010101,0.08701610453451815
461,0.0101010101010101,0.1801801801801802,0.7272727272727271,0.1994949494949496,0.07476782957216557
462,0.05303030303030304,0.1801801801801802,0.7272727272727271,0.0,0.08084723386329035
463,0.0303030303030303,0.0,0.7272727272727271,0.1994949494949496,0.036793746965426234
464,0.6212121212121212,0.0,0.0,0.601010101010101,0.00020010129869673168
465,0.0707070707070707,0.0900900900900901,0.7272727272727271,0.1994949494949496,0.052836154925982697
466,0.0404040404040404,0.445945945945946,0.45454545454545453,0.601010101010101,0.3524030376645876
467,0.1919191919191919,0.24324324324324328,0.45454545454545453,0.0,0.08367533681506376
468,0.24242424242424243,0.5540540540540542,0.2727272727272727,0.0,0.714953907231259
469,0.05303030303030304,0.0,0.7272727272727271,0.1994949494949496,0.036793746965426234
470,0.11616161616161617,1.0,0.0,1.0,0.362297777968854
471,0.14898989898989898,0.12162162162162164,0.45454545454545453,1.0,0.03512853457275701
472,0.797979797979798,0.0,0.45454545454545453,1.0,0.0206534258952387
473,0.005808080808080807,0.1801801801801802,0.9999999999999999,0.1994949494949496,0.09301190344153894
474,0.005808080808080807,0.32432432432432434,0.45454545454545453,0.1994949494949496,0.14981857286884964
475,0.3939393939393939,0.32432432432432434,0.45454545454545453,1.0,0.12273111794809702
476,0.005808080808080807,0.6936936936936938,0.0909090909090909,0.0,0.4927480345063726
477,0.30808080808080807,0.5540540540540542,0.2727272727272727,0.0,0.714953907231259
478,0.021717171717171715,0.7837837837837838,0.0,0.601010101010101,0.27874066089073557
479,0.021717171717171715,0.0,0.9999999999999999,0.1994949494949496,0.046555235801832004
480,0.021717171717171715,0.7027027027027027,0.2727272727272727,1.0,0.7468497922225203
481,0.14898989898989898,0.24324324324324328,0.45454545454545453,0.0,0.08367533681506376
482,0.09090909090909091,0.1801801801801802,0.7272727272727271,0.1994949494949496,0.07476782957216557
483,0.015151515151515152,0.5720720720720721,0.0,1.0,0.20306830725368244
484,0.30808080808080807,0.0,0.2727272727272727,0.1994949494949496,0.01831799137185541
485,0.0404040404040404,0.5675675675675677,0.45454545454545453,1.0,0.8259732382095982
486,0.14898989898989898,0.427927927927928,0.0,0.1994949494949496,0.07063410357048774
487,0.0303030303030303,0.5720720720720721,0.0,0.1994949494949496,0.21762598702189315
488,0.1919191919191919,0.0,0.0909090909090909,0.0,0.007093218693170963
489,0.0404040404040404,0.1801801801801802,0.7272727272727271,0.1994949494949496,0.07476782957216557
490,0.05303030303030304,0.21621621621621623,0.0,0.0,0.009138102959013471
491,0.015151515151515152,0.8873873873873874,0.0909090909090909,1.0,0.5812318358683922
492,0.05303030303030304,0.5540540540540542,0.2727272727272727,0.601010101010101,0.6278612305078357
493,0.0303030303030303,0.30180180180180183,0.2727272727272727,1.0,0.07554130866180395
494,0.30808080808080807,0.6936936936936938,0.0909090909090909,0.601010101010101,0.46184334736789057
495,0.002525252525252526,0.32882882882882886,0.7272727272727271,0.1994949494949496,0.20595226204968203
496,0.05303030303030304,0.5540540540540542,0.2727272727272727,1.0,0.5753863542705234
497,0.14898989898989898,0.0,0.0909090909090909,0.601010101010101,0.006227273772535917
498,0.11616161616161617,0.37837837837837845,0.0909090909090909,0.0,0.09320841918974214
499,0.494949494949495,0.0,0.45454545454545453,0.1994949494949496,0.02641219922876878
500,0.3939393939393939,0.0,0.9999999999999999,0.0,0.05019732766853131
501,0.1919191919191919,0.427927927927928,0.0,0.0,0.07262615268122122
502,0.0707070707070707,0.427927927927928,0.0,0.601010101010101,0.06770688083343639
503,0.30808080808080807,0.427927927927928,0.0,0.1994949494949496,0.07063410357048774
504,0.05303030303030304,0.0900900900900901,0.7272727272727271,1.0,0.04360629290313715
505,0.11616161616161617,0.7837837837837838,0.0,0.601010101010101,0.27874066089073557
506,0.015151515151515152,0.5540540540540542,0.2727272727272727,0.1994949494949496,0.6968744583965647
507,0.14898989898989898,0.0,0.45454545454545453,1.0,0.0206534258952387
508,0.30808080808080807,0.32432432432432434,0.45454545454545453,0.1994949494949496,0.14981857286884964
509,0.0,1.0,0.0,0.1994949494949496,0.3878965399058497
510,0.1919191919191919,0.0,0.45454545454545453,1.0,0.0206534258952387
511,0.0303030303030303,0.24324324324324328,0.45454545454545453,0.601010101010101,0.06778410807483555
512,0.6212121212121212,0.0,0.45454545454545453,1.0,0.0206534258952387
513,0.0707070707070707,0.1801801801801802,0.9999999999999999,0.1994949494949496,0.09301190344153894
514,0.11616161616161617,0.24324324324324328,0.45454545454545453,0.0,0.08367533681506376
515,0.002525252525252526,0.40090090090090097,0.2727272727272727,0.1994949494949496,0.2078743239728975
516,0.11616161616161617,0.1801801801801802,0.9999999999999999,0.1994949494949496,0.09301190344153894
517,0.0404040404040404,0.0,0.9999999999999999,0.601010101010101,0.0418910896622408
518,0.021717171717171715,0.1801801801801802,0.7272727272727271,0.0,0.08084723386329035
519,0.0303030303030303,0.0,0.9999999999999999,1.0,0.039004721514947494
520,0.14898989898989898,0.7837837837837838,0.0,0.0,0.29757342009354226
521,0.0707070707070707,0.23873873873873874,0.7272727272727271,0.1994949494949496,0.09899236032962104
522,0.0404040404040404,0.30180180180180183,0.2727272727272727,0.601010101010101,0.08297132776623756
523,0.09090909090909091,0.445945945945946,0.45454545454545453,1.0,0.3257923920065806
524,0.0101010101010101,0.6936936936936938,0.0909090909090909,0.601010101010101,0.46184334736789057
525,0.05303030303030304,0.32882882882882886,0.7272727272727271,1.0,0.17306690302799396
526,0.05303030303030304,0.12162162162162164,0.45454545454545453,1.0,0.03512853457275701
527,0.11616161616161617,0.0,0.45454545454545453,0.1994949494949496,0.02641219922876878
528,0.1919191919191919,0.427927927927928,0.0,0.601010101010101,0.06770688083343639
529,0.24242424242424243,0.21621621621621623,0.0,0.0,0.009138102959013471
530,0.05303030303030304,0.14864864864864866,0.2727272727272727,0.0,0.036435881445014084
531,0.24242424242424243,0.13513513513513514,0.9999999999999999,0.1994949494949496,0.07854989581390083
532,0.1919191919191919,0.7837837837837838,0.0,1.0,0.2706973057932257
533,0.0707070707070707,0.0,0.45454545454545453,0.601010101010101,0.022857849919819852
534,0.0,0.5675675675675677,0.45454545454545453,0.1994949494949496,1.0000000000000002
535,0.1919191919191919,0.37837837837837845,0.0909090909090909,0.1994949494949496,0.09070077481332815
536,0.6212121212121212,0.0,0.0,0.0,0.0006686706905966767
537,0.1919191919191919,0.14864864864864866,0.2727272727272727,1.0,0.028055863842029745
538,0.1919191919191919,0.6936936936936938,0.0909090909090909,0.0,0.4927480345063726
539,0.0101010101010101,0.32882882882882886,0.7272727272727271,0.0,0.22179591329297682
540,0.11616161616161617,0.0,0.7272727272727271,0.601010101010101,0.032626406427871533
541,0.05303030303030304,0.445945945945946,0.45454545454545453,0.601010101010101,0.3524030376645876
542,0.14898989898989898,0.0,0.9999999999999999,0.601010101010101,0.0418910896622408
543,0.09090909090909091,0.445945945945946,0.45454545454545453,0.1994949494949496,0.3953089760222862
544,0.002525252525252526,0.7027027027027027,0.2727272727272727,1.0,0.7468497922225203
545,0.24242424242424243,0.32882882882882886,0.7272727272727271,1.0,0.17306690302799396
546,0.6212121212121212,0.0,0.2727272727272727,1.0,0.013963616109037142
547,0.0404040404040404,0.37837837837837845,0.0909090909090909,1.0,0.08437176104553826
548,0.0101010101010101,0.23873873873873874,0.7272727272727271,0.1994949494949496,0.09899236032962104
549,0.0707070707070707,0.30180180180180183,0.2727272727272727,0.0,0.09530303573045888
550,0.0,0.40090090090090097,0.2727272727272727,0.1994949494949496,0.2078743239728975
551,0.002525252525252526,0.32882882882882886,0.7272727272727271,1.0,0.17306690302799396
552,0.0707070707070707,0.1801801801801802,0.7272727272727271,0.601010101010101,0.06697942780061403
553,0.0404040404040404,0.445945945945946,0.45454545454545453,0.0,0.42884938753798485
554,0.11616161616161617,0.32882882882882886,0.7272727272727271,1.0,0.17306690302799396
555,0.0303030303030303,0.0,0.45454545454545453,0.1994949494949496,0.02641219922876878
556,0.3939393939393939,0.1801801801801802,0.7272727272727271,0.601010101010101,0.06697942780061403
557,0.021717171717171715,0.5540540540540542,0.2727272727272727,0.601010101010101,0.6278612305078357
558,0.09090909090909091,0.0,0.2727272727272727,1.0,0.013963616109037142
559,0.3939393939393939,1.0,0.0,1.0,0.362297777968854
560,0.015151515151515152,0.5540540540540542,0.2727272727272727,0.0,0.714953907231259
561,0.09090909090909091,0.5675675675675677,0.45454545454545453,0.1994949494949496,1.0000000000000002
562,0.0404040404040404,0.7837837837837838,0.0,1.0,0.2706973057932257
563,0.3939393939393939,0.0,0.9999999999999999,0.1994949494949496,0.046555235801832004
564,0.0,0.427927927927928,0.0,0.0,0.07262615268122122
565,0.0101010101010101,0.06756756756756757,0.9999999999999999,0.1994949494949496,0.06068523524434785
566,0.09090909090909091,0.5675675675675677,0.45454545454545453,1.0,0.8259732382095982
567,0.6212121212121212,0.06756756756756757,0.9999999999999999,0.1994949494949496,0.06068523524434785
568,0.09090909090909091,0.5720720720720721,0.0,1.0,0.20306830725368244
569,0.05303030303030304,0.427927927927928,0.0,0.0,0.07262615268122122
570,0.6212121212121212,0.0,0.0,1.0,0.0
571,0.09090909090909091,1.0,0.0,1.0,0.362297777968854
572,0.0303030303030303,0.0,0.45454545454545453,0.601010101010101,0.022857849919819852
573,0.11616161616161617,0.5675675675675677,0.45454545454545453,0.1994949494949496,1.0000000000000002
574,0.0707070707070707,0.5720720720720721,0.0,0.1994949494949496,0.21762598702189315
575,1.0,0.0,0.7272727272727271,1.0,0.03004222433899946
576,0.0707070707070707,0.5720720720720721,0.0,1.0,0.20306830725368244
577,0.0303030303030303,0.0,0.2727272727272727,1.0,0.013963616109037142
578,0.0101010101010101,0.445945945945946,0.45454545454545453,1.0,0.3257923920065806
579,0.30808080808080807,0.5720720720720721,0.0,1.0,0.20306830725368244
580,0.0707070707070707,0.7837837837837838,0.0,0.0,0.29757342009354226
581,0.015151515151515152,0.12162162162162164,0.45454545454545453,0.1994949494949496,0.0439119266062637
582,0.05303030303030304,0.30180180180180183,0.2727272727272727,0.1994949494949496,0.09274298715452403
583,0.24242424242424243,0.24324324324324328,0.45454545454545453,1.0,0.06225253452738601
584,0.3939393939393939,0.0900900900900901,0.7272727272727271,1.0,0.04360629290313715
585,0.015151515151515152,0.23873873873873874,0.7272727272727271,0.1994949494949496,0.09899236032962104
586,0.005808080808080807,0.5540540540540542,0.2727272727272727,0.1994949494949496,0.6968744583965647
587,0.30808080808080807,0.0,0.9999999999999999,0.0,0.05019732766853131
588,0.05303030303030304,0.0,0.9999999999999999,1.0,0.039004721514947494
589,0.0404040404040404,0.5720720720720721,0.0,0.1994949494949496,0.21762598702189315
590,0.3939393939393939,0.1801801801801802,0.7272727272727271,0.1994949494949496,0.07476782957216557
591,0.09090909090909091,0.5045045045045046,0.0909090909090909,1.0,0.23566923558718167
592,0.30808080808080807,0.0,0.0909090909090909,0.601010101010101,0.006227273772535917
593,0.0303030303030303,0.24324324324324328,0.45454545454545453,1.0,0.06225253452738601
594,0.09090909090909091,0.0,0.7272727272727271,0.1994949494949496,0.036793746965426234
595,0.05303030303030304,0.24324324324324328,0.45454545454545453,1.0,0.06225253452738601
596,0.11616161616161617,0.13513513513513514,0.9999999999999999,1.0,0.06648072599398959
597,0.0404040404040404,0.0,0.7272727272727271,0.1994949494949496,0.036793746965426234
598,0.002525252525252526,0.5540540540540542,0.2727272727272727,0.601010101010101,0.6278612305078357
599,0.0707070707070707,0.32882882882882886,0.7272727272727271,1.0,0.17306690302799396
600,0.11616161616161617,0.0,0.0,0.1994949494949496,0.0004789123260159024
601,0.05303030303030304,1.0,0.0,1.0,0.362297777968854
602,0.1919191919191919,0.0,0.9999999999999999,1.0,0.039004721514947494
603,0.0101010101010101,0.13513513513513514,0.9999999999999999,0.601010101010101,0.07109453652088313
604,0.021717171717171715,0.23873873873873874,0.7272727272727271,1.0,0.08263173476276361
605,0.0,0.5675675675675677,0.45454545454545453,1.0,0.8259732382095982
606,0.021717171717171715,0.32882882882882886,0.7272727272727271,0.601010101010101,0.18565425384711468
607,0.11616161616161617,0.0900900900900901,0.7272727272727271,0.601010101010101,0.04713909443267783
608,0.0101010101010101,0.427927927927928,0.0,0.601010101010101,0.06770688083343639
609,0.1919191919191919,0.18918918918918923,0.0909090909090909,1.0,0.01770706873007283
610,0.005808080808080807,0.5045045045045046,0.0909090909090909,1.0,0.23566923558718167
611,0.14898989898989898,0.24324324324324328,0.45454545454545453,1.0,0.06225253452738601
612,0.0303030303030303,0.5540540540540542,0.2727272727272727,1.0,0.5753863542705234
613,0.11616161616161617,0.14864864864864866,0.2727272727272727,1.0,0.028055863842029745
614,0.021717171717171715,0.445945945945946,0.45454545454545453,1.0,0.3257923920065806
615,0.30808080808080807,0.12162162162162164,0.45454545454545453,0.1994949494949496,0.0439119266062637
616,0.021717171717171715,1.0,0.0,1.0,0.362297777968854
617,0.24242424242424243,0.0900900900900901,0.7272727272727271,0.601010101010101,0.04713909443267783
618,0.021717171717171715,0.12162162162162164,0.45454545454545453,0.1994949494949496,0.0439119266062637
619,0.09090909090909091,0.0,0.2727272727272727,0.1994949494949496,0.01831799137185541
620,0.005808080808080807,0.0900900900900901,0.7272727272727271,0.1994949494949496,0.052836154925982697
621,0.1919191919191919,0.0900900900900901,0.7272727272727271,1.0,0.04360629290313715
622,0.002525252525252526,1.0,0.0,0.1994949494949496,0.3878965399058497
623,0.0404040404040404,0.427927927927928,0.0,0.0,0.07262615268122122
624,0.09090909090909091,0.06756756756756757,0.9999999999999999,1.0,0.051139051819789276
625,0.002525252525252526,0.7837837837837838,0.0,1.0,0.2706973057932257
626,0.3939393939393939,0.0,0.0,1.0,0.0
627,0.24242424242424243,0.445945945945946,0.45454545454545453,1.0,0.3257923920065806
628,0.005808080808080807,0.6936936936936938,0.0909090909090909,0.1994949494949496,0.4802330842260637
629,0.05303030303030304,0.8873873873873874,0.0909090909090909,1.0,0.5812318358683922
630,0.14898989898989898,0.5045045045045046,0.0909090909090909,1.0,0.23566923558718167
631,0.0404040404040404,0.0,0.45454545454545453,0.601010101010101,0.022857849919819852
632,0.0707070707070707,0.12162162162162164,0.45454545454545453,1.0,0.03512853457275701
633,0.494949494949495,0.0,0.2727272727272727,0.1994949494949496,0.01831799137185541
634,0.015151515151515152,0.6936936936936938,0.0909090909090909,0.601010101010101,0.46184334736789057
635,0.30808080808080807,0.5675675675675677,0.45454545454545453,0.1994949494949496,1.0000000000000002
636,0.3939393939393939,0.13513513513513514,0.9999999999999999,0.601010101010101,0.07109453652088313
637,0.14898989898989898,0.21621621621621623,0.0,0.0,0.009138102959013471
638,0.11616161616161617,0.5540540540540542,0.2727272727272727,0.601010101010101,0.6278612305078357
639,0.24242424242424243,0.21621621621621623,0.0,0.601010101010101,0.008145681192363785
640,0.0404040404040404,0.13513513513513514,0.9999999999999999,1.0,0.06648072599398959
641,0.005808080808080807,0.0,0.9999999999999999,0.1994949494949496,0.046555235801832004
642,0.021717171717171715,0.5675675675675677,0.45454545454545453,0.1994949494949496,1.0000000000000002
643,0.09090909090909091,0.0,0.0,0.601010101010101,0.00020010129869673168
644,0.005808080808080807,0.0,0.7272727272727271,0.601010101010101,0.032626406427871533
645,0.09090909090909091,0.37837837837837845,0.0909090909090909,1.0,0.08437176104553826
646,0.11616161616161617,0.445945945945946,0.45454545454545453,0.1994949494949496,0.3953089760222862
647,0.1919191919191919,0.0900900900900901,0.7272727272727271,0.1994949494949496,0.052836154925982697
648,0.0303030303030303,0.13513513513513514,0.9999999999999999,0.0,0.08437176104553826
649,0.1919191919191919,1.0,0.0,0.1994949494949496,0.3878965399058497
650,0.09090909090909091,0.21621621621621623,0.0,1.0,0.007721879466962411
651,0.05303030303030304,0.445945945945946,0.45454545454545453,0.1994949494949496,0.3953089760222862
652,0.0404040404040404,0.0,0.2727272727272727,1.0,0.013963616109037142
653,0.015151515151515152,0.0,0.7272727272727271,0.601010101010101,0.032626406427871533
654,0.30808080808080807,0.1801801801801802,0.7272727272727271,0.0,0.08084723386329035
655,0.005808080808080807,0.1801801801801802,0.7272727272727271,0.0,0.08084723386329035
656,0.30808080808080807,0.1801801801801802,0.9999999999999999,1.0,0.07890017651596128
657,0.0404040404040404,1.0,0.0,1.0,0.362297777968854
658,0.015151515151515152,0.37837837837837845,0.0909090909090909,0.1994949494949496,0.09070077481332815
659,0.3939393939393939,0.0,0.45454545454545453,0.0,0.029190656096785596
660,0.24242424242424243,0.0,0.0909090909090909,1.0,0.005857479401443372
661,0.0101010101010101,0.445945945945946,0.45454545454545453,0.0,0.42884938753798485
662,0.0707070707070707,0.427927927927928,0.0,0.1994949494949496,0.07063410357048774
663,0.021717171717171715,0.1801801801801802,0.9999999999999999,0.1994949494949496,0.09301190344153894
664,0.021717171717171715,0.7027027027027027,0.2727272727272727,0.1994949494949496,0.9041106578109546
665,0.005808080808080807,0.30180180180180183,0.2727272727272727,0.0,0.09530303573045888
666,0.0303030303030303,0.23873873873873874,0.7272727272727271,1.0,0.08263173476276361
667,0.30808080808080807,0.06756756756756757,0.9999999999999999,0.1994949494949496,0.06068523524434785
668,0.3939393939393939,0.5720720720720721,0.0,0.1994949494949496,0.21762598702189315
669,0.797979797979798,0.21621621621621623,0.0,1.0,0.007721879466962411
670,0.0,0.5540540540540542,0.2727272727272727,0.0,0.714953907231259
671,0.0303030303030303,0.1801801801801802,0.7272727272727271,0.0,0.08084723386329035
672,0.0303030303030303,0.0,0.0909090909090909,0.0,0.007093218693170963
673,0.0404040404040404,0.30180180180180183,0.2727272727272727,0.0,0.09530303573045888
674,0.002525252525252526,0.445945945945946,0.45454545454545453,0.601010101010101,0.3524030376645876
675,0.11616161616161617,0.445945945945946,0.45454545454545453,1.0,0.3257923920065806
676,0.30808080808080807,0.427927927927928,0.0,0.601010101010101,0.06770688083343639
677,0.0303030303030303,0.14864864864864866,0.2727272727272727,0.601010101010101,0.03120666633822105
678,0.30808080808080807,0.0900900900900901,0.7272727272727271,1.0,0.04360629290313715
679,0.11616161616161617,0.7027027027027027,0.2727272727272727,1.0,0.7468497922225203
680,0.0707070707070707,0.24324324324324328,0.45454545454545453,0.0,0.08367533681506376
681,0.015151515151515152,0.0,0.9999999999999999,0.601010101010101,0.0418910896622408
682,0.3939393939393939,0.0,0.0,0.0,0.0006686706905966767
683,0.0101010101010101,0.7837837837837838,0.0,0.0,0.29757342009354226
684,0.3939393939393939,0.12162162162162164,0.45454545454545453,0.1994949494949496,0.0439119266062637
685,0.002525252525252526,0.32432432432432434,0.45454545454545453,0.1994949494949496,0.14981857286884964
686,0.14898989898989898,0.8873873873873874,0.0909090909090909,1.0,0.5812318358683922
687,0.24242424242424243,0.1801801801801802,0.7272727272727271,0.601010101010101,0.06697942780061403
688,0.11616161616161617,0.0,0.45454545454545453,0.0,0.029190656096785596
689,0.0303030303030303,1.0,0.0,0.1994949494949496,0.3878965399058497
690,0.002525252525252526,0.7837837837837838,0.0,0.1994949494949496,0.2899455061830233
691,0.002525252525252526,0.427927927927928,0.0,0.1994949494949496,0.07063410357048774
692,0.09090909090909091,0.6936936936936938,0.0909090909090909,0.1994949494949496,0.4802330842260637
693,0.0101010101010101,0.0,0.7272727272727271,0.601010101010101,0.032626406427871533
694,0.015151515151515152,0.32882882882882886,0.7272727272727271,1.0,0.17306690302799396
695,0.494949494949495,0.32432432432432434,0.45454545454545453,1.0,0.12273111794809702
696,0.1919191919191919,0.0,0.0,0.1994949494949496,0.0004789123260159024
697,0.1919191919191919,0.0,0.9999999999999999,0.1994949494949496,0.046555235801832004
698,0.002525252525252526,0.32882882882882886,0.7272727272727271,0.0,0.22179591329297682
699,0.1919191919191919,0.1801801801801802,0.9999999999999999,0.1994949494949496,0.09301190344153894
700,0.30808080808080807,0.6936936936936938,0.0909090909090909,0.0,0.4927480345063726
701,0.11616161616161617,0.0,0.9999999999999999,0.0,0.05019732766853131
702,0.30808080808080807,0.32882882882882886,0.7272727272727271,0.1994949494949496,0.20595226204968203
703,0.14898989898989898,1.0,0.0,0.1994949494949496,0.3878965399058497
704,0.6212121212121212,0.06756756756756757,0.9999999999999999,1.0,0.051139051819789276
705,0.0303030303030303,0.0,0.2727272727272727,0.1994949494949496,0.01831799137185541
706,0.11616161616161617,0.14864864864864866,0.2727272727272727,0.1994949494949496,0.035350390509544305
707,0.11616161616161617,0.21621621621621623,0.0,1.0,0.007721879466962411
708,0.015151515151515152,0.23873873873873874,0.7272727272727271,1.0,0.08263173476276361
709,0.09090909090909091,0.7027027027027027,0.2727272727272727,0.1994949494949496,0.9041106578109546
710,0.002525252525252526,0.6936936936936938,0.0909090909090909,1.0,0.4486457634359282
711,0.24242424242424243,0.6936936936936938,0.0909090909090909,0.1994949494949496,0.4802330842260637
712,0.14898989898989898,0.445945945945946,0.45454545454545453,0.0,0.42884938753798485
713,0.05303030303030304,0.1801801801801802,0.7272727272727271,0.601010101010101,0.06697942780061403
714,0.0101010101010101,0.6936936936936938,0.0909090909090909,0.1994949494949496,0.4802330842260637
715,0.0101010101010101,0.8873873873873874,0.0909090909090909,0.1994949494949496,0.6220123012652615
716,0.015151515151515152,1.0,0.0,1.0,0.362297777968854
717,0.05303030303030304,0.1801801801801802,0.7272727272727271,0.1994949494949496,0.07476782957216557
718,0.24242424242424243,0.0900900900900901,0.7272727272727271,0.1994949494949496,0.052836154925982697
719,0.015151515151515152,0.7027027027027027,0.2727272727272727,0.1994949494949496,0.9041106578109546
720,0.0707070707070707,0.8873873873873874,0.0909090909090909,1.0,0.5812318358683922
721,0.09090909090909091,0.21621621621621623,0.0,0.1994949494949496,0.0087362110157144
722,0.021717171717171715,0.0,0.2727272727272727,0.0,0.018966148576455438
723,0.11616161616161617,1.0,0.0,0.1994949494949496,0.3878965399058497
724,0.494949494949495,0.0,0.0909090909090909,0.601010101010101,0.006227273772535917
725,0.0707070707070707,0.23873873873873874,0.7272727272727271,1.0,0.08263173476276361
726,0.30808080808080807,0.21621621621621623,0.0,1.0,0.007721879466962411
727,0.09090909090909091,0.0900900900900901,0.7272727272727271,0.601010101010101,0.04713909443267783
728,0.14898989898989898,0.13513513513513514,0.9999999999999999,0.1994949494949496,0.07854989581390083
729,0.05303030303030304,0.21621621621621623,0.0,0.1994949494949496,0.0087362110157144
730,0.14898989898989898,0.30180180180180183,0.2727272727272727,1.0,0.07554130866180395
731,0.0,0.445945945945946,0.45454545454545453,0.0,0.42884938753798485
732,0.0303030303030303,0.0,0.7272727272727271,0.0,0.04004642736265972
733,0.05303030303030304,0.13513513513513514,0.9999999999999999,0.601010101010101,0.07109453652088313
734,0.1919191919191919,0.7837837837837838,0.0,0.1994949494949496,0.2899455061830233
735,0.015151515151515152,0.427927927927928,0.0,0.601010101010101,0.06770688083343639
736,0.494949494949495,0.0,0.2727272727272727,0.0,0.018966148576455438
737,0.11616161616161617,0.1801801801801802,0.7272727272727271,0.1994949494949496,0.07476782957216557
738,0.05303030303030304,0.0900900900900901,0.7272727272727271,0.1994949494949496,0.052836154925982697
739,0.494949494949495,0.0,0.0,1.0,0.0
740,0.0303030303030303,0.0900900900900901,0.7272727272727271,0.1994949494949496,0.052836154925982697
741,0.11616161616161617,0.0,0.2727272727272727,0.0,0.018966148576455438
742,0.14898989898989898,0.32432432432432434,0.45454545454545453,0.1994949494949496,0.14981857286884964
743,0.11616161616161617,0.06756756756756757,0.9999999999999999,0.1994949494949496,0.06068523524434785
744,0.11616161616161617,0.1801801801801802,0.9999999999999999,1.0,0.07890017651596128
745,0.0303030303030303,0.427927927927928,0.0,1.0,0.06560623091448535
746,0.30808080808080807,0.24324324324324328,0.45454545454545453,0.0,0.08367533681506376
747,0.24242424242424243,0.7027027027027027,0.2727272727272727,0.1994949494949496,0.9041106578109546
748,0.09090909090909091,0.0,0.7272727272727271,0.0,0.04004642736265972
749,0.494949494949495,0.1801801801801802,0.9999999999999999,1.0,0.07890017651596128
750,0.1919191919191919,0.14864864864864866,0.2727272727272727,0.0,0.036435881445014084
751,0.494949494949495,0.0,0.0,0.0,0.0006686706905966767
752,0.015151515151515152,0.0,0.7272727272727271,0.1994949494949496,0.036793746965426234
753,0.0303030303030303,0.32882882882882886,0.7272727272727271,0.0,0.22179591329297682
754,0.09090909090909091,0.5540540540540542,0.2727272727272727,0.1994949494949496,0.6968744583965647
755,0.30808080808080807,0.32882882882882886,0.7272727272727271,0.601010101010101,0.18565425384711468
756,0.015151515151515152,0.32882882882882886,0.7272727272727271,0.1994949494949496,0.20595226204968203
757,0.24242424242424243,0.6936936936936938,0.0909090909090909,1.0,0.4486457634359282
758,0.05303030303030304,0.23873873873873874,0.7272727272727271,1.0,0.08263173476276361
759,0.005808080808080807,0.6936936936936938,0.0909090909090909,0.601010101010101,0.46184334736789057
760,0.0101010101010101,0.32882882882882886,0.7272727272727271,1.0,0.17306690302799396
761,0.0404040404040404,0.32432432432432434,0.45454545454545453,1.0,0.12273111794809702
762,0.30808080808080807,0.0,0.7272727272727271,0.0,0.04004642736265972
763,0.30808080808080807,0.445945945945946,0.45454545454545453,1.0,0.3257923920065806
764,0.0404040404040404,0.40090090090090097,0.2727272727272727,0.1994949494949496,0.2078743239728975
765,0.30808080808080807,0.5720720720720721,0.0,0.1994949494949496,0.21762598702189315
766,0.05303030303030304,0.0900900900900901,0.7272727272727271,0.601010101010101,0.04713909443267783
767,0.05303030303030304,0.24324324324324328,0.45454545454545453,0.601010101010101,0.06778410807483555
768,0.09090909090909091,0.427927927927928,0.0,0.1994949494949496,0.07063410357048774
769,0.015151515151515152,0.0,0.45454545454545453,0.0,0.029190656096785596
770,0.0707070707070707,0.6936936936936938,0.0909090909090909,1.0,0.4486457634359282
771,0.24242424242424243,0.5540540540540542,0.2727272727272727,0.1994949494949496,0.6968744583965647
772,0.0707070707070707,0.5540540540540542,0.2727272727272727,1.0,0.5753863542705234
773,0.0707070707070707,0.7837837837837838,0.0,0.601010101010101,0.27874066089073557
774,0.09090909090909091,0.18918918918918923,0.0909090909090909,0.1994949494949496,0.019413825241441144
775,0.0404040404040404,0.445945945945946,0.45454545454545453,0.1994949494949496,0.3953089760222862
776,0.3939393939393939,0.0,0.45454545454545453,0.1994949494949496,0.02641219922876878
777,0.0101010101010101,0.5540540540540542,0.2727272727272727,0.1994949494949496,0.6968744583965647
778,0.0707070707070707,1.0,0.0,0.1994949494949496,0.3878965399058497
779,0.11616161616161617,0.0,0.9999999999999999,0.601010101010101,0.0418910896622408
780,0.24242424242424243,0.0,0.7272727272727271,0.1994949494949496,0.036793746965426234
781,0.11616161616161617,0.8873873873873874,0.0909090909090909,1.0,0.5812318358683922
782,0.494949494949495,0.13513513513513514,0.9999999999999999,1.0,0.06648072599398959
783,0.0101010101010101,0.5675675675675677,0.45454545454545453,1.0,0.8259732382095982
784,0.6212121212121212,0.18918918918918923,0.0909090909090909,1.0,0.01770706873007283
785,0.3939393939393939,0.14864864864864866,0.2727272727272727,0.601010101010101,0.03120666633822105
786,0.11616161616161617,0.37837837837837845,0.0909090909090909,0.601010101010101,0.08701610453451815
787,0.1919191919191919,0.0,0.9999999999999999,0.601010101010101,0.0418910896622408
788,0.24242424242424243,0.21621621621621623,0.0,0.1994949494949496,0.0087362110157144
789,0.0707070707070707,0.0900900900900901,0.7272727272727271,1.0,0.04360629290313715
790,0.015151515151515152,0.8873873873873874,0.0909090909090909,0.1994949494949496,0.6220123012652615
791,0.0303030303030303,0.5045045045045046,0.0909090909090909,1.0,0.23566923558718167
792,0.015151515151515152,0.5720720720720721,0.0,0.1994949494949496,0.21762598702189315
793,0.0101010101010101,0.7837837837837838,0.0,1.0,0.2706973057932257
794,0.11616161616161617,0.0,0.0909090909090909,0.1994949494949496,0.006742558750192938
795,0.0303030303030303,0.0,0.9999999999999999,0.601010101010101,0.0418910896622408
796,0.3939393939393939,0.0,0.0909090909090909,0.601010101010101,0.006227273772535917
797,0.24242424242424243,0.0,0.2727272727272727,0.0,0.018966148576455438
798,0.0303030303030303,0.5540540540540542,0.2727272727272727,0.1994949494949496,0.6968744583965647
799,0.005808080808080807,0.5540540540540542,0.2727272727272727,0.601010101010101,0.6278612305078357
800,0.30808080808080807,0.0900900900900901,0.7272727272727271,0.601010101010101,0.04713909443267783
801,0.1919191919191919,0.37837837837837845,0.0909090909090909,1.0,0.08437176104553826
802,0.3939393939393939,0.0,0.0909090909090909,1.0,0.005857479401443372
803,0.05303030303030304,0.0,0.2727272727272727,0.601010101010101,0.015844478678024083
804,0.0303030303030303,0.6936936936936938,0.0909090909090909,0.0,0.4927480345063726
805,0.24242424242424243,0.5720720720720721,0.0,1.0,0.20306830725368244
806,0.015151515151515152,0.0,0.9999999999999999,0.0,0.05019732766853131
807,0.09090909090909091,0.13513513513513514,0.9999999999999999,0.1994949494949496,0.07854989581390083
808,0.14898989898989898,0.12162162162162164,0.45454545454545453,0.1994949494949496,0.0439119266062637
809,0.0707070707070707,0.0,0.0909090909090909,1.0,0.005857479401443372
810,0.0404040404040404,0.8873873873873874,0.0909090909090909,1.0,0.5812318358683922
811,0.021717171717171715,0.445945945945946,0.45454545454545453,0.0,0.42884938753798485
812,0.015151515151515152,0.21621621621621623,0.0,0.0,0.009138102959013471
813,0.1919191919191919,0.0,0.45454545454545453,0.601010101010101,0.022857849919819852
814,0.24242424242424243,0.5540540540540542,0.2727272727272727,1.0,0.5753863542705234
815,0.05303030303030304,0.0,0.7272727272727271,0.0,0.04004642736265972
816,0.0404040404040404,0.445945945945946,0.45454545454545453,1.0,0.3257923920065806
817,0.0,0.32882882882882886,0.7272727272727271,0.601010101010101,0.18565425384711468
818,0.1919191919191919,0.13513513513513514,0.9999999999999999,0.0,0.08437176104553826
819,0.0404040404040404,0.37837837837837845,0.0909090909090909,0.1994949494949496,0.09070077481332815
820,0.0,0.7837837837837838,0.0,1.0,0.2706973057932257
821,0.09090909090909091,0.0,0.7272727272727271,1.0,0.03004222433899946
822,0.30808080808080807,0.0,0.9999999999999999,0.1994949494949496,0.046555235801832004
823,0.09090909090909091,0.40090090090090097,0.2727272727272727,0.1994949494949496,0.2078743239728975
824,0.005808080808080807,0.0,0.7272727272727271,0.1994949494949496,0.036793746965426234
825,0.005808080808080807,0.445945945945946,0.45454545454545453,0.0,0.42884938753798485
826,0.3939393939393939,0.21621621621621623,0.0,0.1994949494949496,0.0087362110157144
827,0.0303030303030303,0.5540540540540542,0.2727272727272727,0.0,0.714953907231259
828,0.002525252525252526,0.5720720720720721,0.0,1.0,0.20306830725368244
829,0.09090909090909091,0.7837837837837838,0.0,0.1994949494949496,0.2899455061830233
830,0.0404040404040404,0.14864864864864866,0.2727272727272727,1.0,0.028055863842029745
831,0.05303030303030304,0.0,0.2727272727272727,1.0,0.013963616109037142
832,0.0,0.8873873873873874,0.0909090909090909,1.0,0.5812318358683922
833,0.0404040404040404,0.0,0.45454545454545453,0.0,0.029190656096785596
834,0.021717171717171715,0.40090090090090097,0.2727272727272727,1.0,0.17079835281189387
835,0.0303030303030303,0.7837837837837838,0.0,0.601010101010101,0.27874066089073557
836,0.015151515151515152,0.0,0.9999999999999999,0.1994949494949496,0.046555235801832004
837,0.6212121212121212,0.0,0.0909090909090909,0.1994949494949496,0.006742558750192938
838,0.11616161616161617,0.0,0.0909090909090909,1.0,0.005857479401443372
839,0.11616161616161617,0.13513513513513514,0.9999999999999999,0.0,0.08437176104553826
840,0.1919191919191919,0.06756756756756757,0.9999999999999999,0.1994949494949496,0.06068523524434785
841,0.0303030303030303,0.1801801801801802,0.7272727272727271,0.601010101010101,0.06697942780061403
842,0.09090909090909091,0.32432432432432434,0.45454545454545453,0.1994949494949496,0.14981857286884964
843,0.0101010101010101,0.0,0.9999999999999999,0.1994949494949496,0.046555235801832004
844,0.002525252525252526,0.5540540540540542,0.2727272727272727,1.0,0.5753863542705234
845,0.09090909090909091,0.0,0.2727272727272727,0.0,0.018966148576455438
846,0.015151515151515152,0.0900900900900901,0.7272727272727271,1.0,0.04360629290313715
847,0.05303030303030304,0.37837837837837845,0.0909090909090909,1.0,0.08437176104553826
848,0.0404040404040404,0.37837837837837845,0.0909090909090909,0.0,0.09320841918974214
849,0.494949494949495,0.0,0.9999999999999999,0.1994949494949496,0.046555235801832004
850,0.11616161616161617,0.5720720720720721,0.0,1.0,0.20306830725368244
851,0.1919191919191919,0.0,0.45454545454545453,0.0,0.029190656096785596
852,0.015151515151515152,0.1801801801801802,0.7272727272727271,0.1994949494949496,0.07476782957216557
853,0.1919191919191919,0.1801801801801802,0.7272727272727271,0.0,0.08084723386329035
854,0.0404040404040404,1.0,0.0,0.1994949494949496,0.3878965399058497
855,0.005808080808080807,0.0,0.7272727272727271,0.0,0.04004642736265972
856,0.14898989898989898,0.0,0.0,1.0,0.0
857,0.015151515151515152,0.5045045045045046,0.0909090909090909,0.1994949494949496,0.25249029410443447
858,0.1919191919191919,0.0,0.0,1.0,0.0
859,0.09090909090909091,0.13513513513513514,0.9999999999999999,0.0,0.08437176104553826
860,0.021717171717171715,0.5045045045045046,0.0909090909090909,1.0,0.23566923558718167
861,0.3939393939393939,0.0,0.0909090909090909,0.1994949494949496,0.006742558750192938
862,0.0303030303030303,0.40090090090090097,0.2727272727272727,0.1994949494949496,0.2078743239728975
863,0.005808080808080807,0.5720720720720721,0.0,0.1994949494949496,0.21762598702189315
864,0.05303030303030304,0.30180180180180183,0.2727272727272727,0.0,0.09530303573045888
865,0.11616161616161617,0.37837837837837845,0.0909090909090909,0.1994949494949496,0.09070077481332815
866,0.30808080808080807,0.21621621621621623,0.0,0.601010101010101,0.008145681192363785
867,0.24242424242424243,0.06756756756756757,0.9999999999999999,1.0,0.051139051819789276
868,0.11616161616161617,0.7027027027027027,0.2727272727272727,0.1994949494949496,0.9041106578109546
869,0.09090909090909091,0.30180180180180183,0.2727272727272727,0.601010101010101,0.08297132776623756
870,0.30808080808080807,0.32882882882882886,0.7272727272727271,1.0,0.17306690302799396
871,0.3939393939393939,0.0,0.45454545454545453,0.601010101010101,0.022857849919819852
872,0.1919191919191919,0.0,0.7272727272727271,0.1994949494949496,0.036793746965426234
873,0.05303030303030304,0.30180180180180183,0.2727272727272727,1.0,0.07554130866180395
874,0.0303030303030303,0.21621621621621623,0.0,0.0,0.009138102959013471
875,0.0707070707070707,0.0,0.0,0.1994949494949496,0.0004789123260159024
876,0.0101010101010101,0.1801801801801802,0.7272727272727271,0.0,0.08084723386329035
877,0.05303030303030304,0.7027027027027027,0.2727272727272727,0.1994949494949496,0.9041106578109546
878,0.005808080808080807,0.23873873873873874,0.7272727272727271,0.1994949494949496,0.09899236032962104
879,0.14898989898989898,0.5720720720720721,0.0,0.1994949494949496,0.21762598702189315
880,0.09090909090909091,0.445945945945946,0.45454545454545453,0.601010101010101,0.3524030376645876
881,0.24242424242424243,0.14864864864864866,0.2727272727272727,0.0,0.036435881445014084
882,0.1919191919191919,0.6936936936936938,0.0909090909090909,0.1994949494949496,0.4802330842260637
883,0.0707070707070707,0.0900900900900901,0.7272727272727271,0.0,0.057283099449138786
884,0.30808080808080807,0.13513513513513514,0.9999999999999999,1.0,0.06648072599398959
885,0.0404040404040404,0.13513513513513514,0.9999999999999999,0.601010101010101,0.07109453652088313
886,0.0707070707070707,0.445945945945946,0.45454545454545453,0.1994949494949496,0.3953089760222862
887,0.015151515151515152,0.1801801801801802,0.7272727272727271,0.601010101010101,0.06697942780061403
888,0.11616161616161617,0.30180180180180183,0.2727272727272727,1.0,0.07554130866180395
889,0.05303030303030304,0.5540540540540542,0.2727272727272727,0.1994949494949496,0.6968744583965647
890,0.09090909090909091,0.6936936936936938,0.0909090909090909,0.601010101010101,0.46184334736789057
891,0.30808080808080807,0.12162162162162164,0.45454545454545453,1.0,0.03512853457275701
892,0.09090909090909091,0.32882882882882886,0.7272727272727271,1.0,0.17306690302799396
893,0.6212121212121212,0.0,0.0909090909090909,0.0,0.007093218693170963
894,0.6212121212121212,0.21621621621621623,0.0,1.0,0.007721879466962411
895,0.0707070707070707,0.445945945945946,0.45454545454545453,0.601010101010101,0.3524030376645876
896,0.1919191919191919,0.40090090090090097,0.2727272727272727,0.1994949494949496,0.2078743239728975
897,0.0101010101010101,1.0,0.0,1.0,0.362297777968854
898,0.6212121212121212,0.0,0.0,0.1994949494949496,0.0004789123260159024
899,0.24242424242424243,0.32432432432432434,0.45454545454545453,0.1994949494949496,0.14981857286884964
900,0.11616161616161617,0.427927927927928,0.0,1.0,0.06560623091448535
901,0.14898989898989898,0.0,0.2727272727272727,0.0,0.018966148576455438
902,0.005808080808080807,0.32432432432432434,0.45454545454545453,1.0,0.12273111794809702
903,0.1919191919191919,0.21621621621621623,0.0,0.1994949494949496,0.0087362110157144
904,0.14898989898989898,0.427927927927928,0.0,0.0,0.07262615268122122
905,0.0404040404040404,0.0,0.0909090909090909,0.601010101010101,0.006227273772535917
906,0.30808080808080807,0.0,0.0,0.0,0.0006686706905966767
907,0.021717171717171715,0.6936936936936938,0.0909090909090909,0.601010101010101,0.46184334736789057
908,0.05303030303030304,0.5720720720720721,0.0,1.0,0.20306830725368244
909,0.0707070707070707,0.37837837837837845,0.0909090909090909,0.0,0.09320841918974214
910,0.24242424242424243,0.13513513513513514,0.9999999999999999,1.0,0.06648072599398959
911,0.09090909090909091,0.427927927927928,0.0,0.601010101010101,0.06770688083343639
912,0.494949494949495,0.0,0.7272727272727271,1.0,0.03004222433899946
913,0.0303030303030303,0.06756756756756757,0.9999999999999999,1.0,0.051139051819789276
914,0.09090909090909091,0.32882882882882886,0.7272727272727271,0.601010101010101,0.18565425384711468
915,0.021717171717171715,0.32882882882882886,0.7272727272727271,0.1994949494949496,0.20595226204968203
916,0.11616161616161617,0.32432432432432434,0.45454545454545453,0.1994949494949496,0.14981857286884964
917,0.494949494949495,0.1801801801801802,0.7272727272727271,1.0,0.06214979471516749
918,0.0404040404040404,0.0,0.0909090909090909,1.0,0.005857479401443372
919,0.015151515151515152,0.13513513513513514,0.9999999999999999,0.1994949494949496,0.07854989581390083
920,0.0101010101010101,0.5540540540540542,0.2727272727272727,0.0,0.714953907231259
921,0.24242424242424243,0.0,0.0,0.0,0.0006686706905966767
922,0.09090909090909091,0.37837837837837845,0.0909090909090909,0.1994949494949496,0.09070077481332815
923,0.14898989898989898,0.5540540540540542,0.2727272727272727,0.601010101010101,0.6278612305078357
924,0.24242424242424243,0.0,0.0,0.1994949494949496,0.0004789123260159024
925,0.09090909090909091,0.7837837837837838,0.0,1.0,0.2706973057932257
926,0.021717171717171715,0.37837837837837845,0.0909090909090909,0.601010101010101,0.08701610453451815
927,0.015151515151515152,0.5675675675675677,0.45454545454545453,0.1994949494949496,1.0000000000000002
928,0.0101010101010101,0.40090090090090097,0.2727272727272727,0.1994949494949496,0.2078743239728975
929,0.0404040404040404,0.7837837837837838,0.0,0.0,0.29757342009354226
930,0.1919191919191919,0.21621621621621623,0.0,0.0,0.009138102959013471
931,0.14898989898989898,0.14864864864864866,0.2727272727272727,0.601010101010101,0.03120666633822105
932,0.0,0.6936936936936938,0.0909090909090909,0.0,0.4927480345063726
933,0.015151515151515152,0.32882882882882886,0.7272727272727271,0.601010101010101,0.18565425384711468
934,0.30808080808080807,0.0,0.7272727272727271,0.1994949494949496,0.036793746965426234
935,0.6212121212121212,0.0,0.7272727272727271,1.0,0.03004222433899946
936,0.11616161616161617,0.0,0.2727272727272727,0.1994949494949496,0.01831799137185541
937,0.1919191919191919,0.0,0.2727272727272727,1.0,0.013963616109037142
938,0.14898989898989898,0.21621621621621623,0.0,1.0,0.007721879466962411
939,0.24242424242424243,0.0,0.9999999999999999,0.601010101010101,0.0418910896622408
940,0.005808080808080807,0.32882882882882886,0.7272727272727271,0.601010101010101,0.18565425384711468
941,0.021717171717171715,0.0,0.2727272727272727,1.0,0.013963616109037142
942,0.14898989898989898,0.5675675675675677,0.45454545454545453,1.0,0.8259732382095982
943,0.0404040404040404,0.7837837837837838,0.0,0.1994949494949496,0.2899455061830233
944,0.005808080808080807,0.32882882882882886,0.7272727272727271,0.0,0.22179591329297682
945,0.021717171717171715,0.30180180180180183,0.2727272727272727,1.0,0.07554130866180395
946,0.0404040404040404,0.24324324324324328,0.45454545454545453,0.601010101010101,0.06778410807483555
947,0.11616161616161617,0.5675675675675677,0.45454545454545453,1.0,0.8259732382095982
948,0.015151515151515152,0.7027027027027027,0.2727272727272727,1.0,0.7468497922225203
949,0.0404040404040404,0.0,0.2727272727272727,0.601010101010101,0.015844478678024083
950,0.05303030303030304,0.24324324324324328,0.45454545454545453,0.0,0.08367533681506376
951,0.0303030303030303,0.37837837837837845,0.0909090909090909,1.0,0.08437176104553826
952,0.09090909090909091,0.14864864864864866,0.2727272727272727,0.0,0.036435881445014084
953,0.24242424242424243,0.6936936936936938,0.0909090909090909,0.0,0.4927480345063726
954,0.1919191919191919,0.0,0.2727272727272727,0.0,0.018966148576455438
955,0.1919191919191919,0.32882882882882886,0.7272727272727271,0.1994949494949496,0.20595226204968203
956,0.09090909090909091,0.0,0.0909090909090909,1.0,0.005857479401443372
957,0.11616161616161617,0.12162162162162164,0.45454545454545453,0.1994949494949496,0.0439119266062637
958,0.24242424242424243,0.427927927927928,0.0,0.601010101010101,0.06770688083343639
959,0.09090909090909091,0.14864864864864866,0.2727272727272727,0.601010101010101,0.03120666633822105
960,0.0707070707070707,0.32432432432432434,0.45454545454545453,0.1994949494949496,0.14981857286884964
961,0.0707070707070707,0.7027027027027027,0.2727272727272727,0.1994949494949496,0.9041106578109546
962,0.30808080808080807,0.0,0.0909090909090909,0.1994949494949496,0.006742558750192938
963,0.24242424242424243,0.7837837837837838,0.0,0.1994949494949496,0.2899455061830233
964,0.0,0.445945945945946,0.45454545454545453,0.601010101010101,0.3524030376645876
965,0.3939393939393939,0.0,0.7272727272727271,1.0,0.03004222433899946
966,0.14898989898989898,0.32432432432432434,0.45454545454545453,1.0,0.12273111794809702
967,0.30808080808080807,0.427927927927928,0.0,0.0,0.07262615268122122
968,0.1919191919191919,0.445945945945946,0.45454545454545453,1.0,0.3257923920065806
969,0.1919191919191919,0.12162162162162164,0.45454545454545453,1.0,0.03512853457275701
970,0.05303030303030304,0.8873873873873874,0.0909090909090909,0.1994949494949496,0.6220123012652615
971,0.002525252525252526,0.5720720720720721,0.0,0.1994949494949496,0.21762598702189315
972,0.015151515151515152,0.5540540540540542,0.2727272727272727,0.601010101010101,0.6278612305078357
973,0.11616161616161617,0.24324324324324328,0.45454545454545453,0.601010101010101,0.06778410807483555
974,0.24242424242424243,1.0,0.0,0.1994949494949496,0.3878965399058497
975,0.021717171717171715,0.445945945945946,0.45454545454545453,0.601010101010101,0.3524030376645876
976,0.14898989898989898,0.0,0.0909090909090909,0.0,0.007093218693170963
977,0.0404040404040404,0.0,0.0909090909090909,0.1994949494949496,0.006742558750192938
978,0.11616161616161617,0.5045045045045046,0.0909090909090909,1.0,0.23566923558718167
979,0.09090909090909091,0.40090090090090097,0.2727272727272727,1.0,0.17079835281189387
980,0.005808080808080807,0.0,0.9999999999999999,0.0,0.05019732766853131
981,0.0303030303030303,0.13513513513513514,0.9999999999999999,1.0,0.06648072599398959
982,0.11616161616161617,0.21621621621621623,0.0,0.0,0.009138102959013471
983,0.0404040404040404,0.40090090090090097,0.2727272727272727,1.0,0.17079835281189387
984,0.005808080808080807,0.5540540540540542,0.2727272727272727,1.0,0.5753863542705234
985,0.0,0.6936936936936938,0.0909090909090909,1.0,0.4486457634359282
986,0.005808080808080807,0.13513513513513514,0.9999999999999999,0.1994949494949496,0.07854989581390083
987,0.0,0.7837837837837838,0.0,0.0,0.29757342009354226
988,0.11616161616161617,0.6936936936936938,0.0909090909090909,0.1994949494949496,0.4802330842260637
989,0.11616161616161617,0.13513513513513514,0.9999999999999999,0.1994949494949496,0.07854989581390083
990,0.30808080808080807,0.5540540540540542,0.2727272727272727,0.1994949494949496,0.6968744583965647
991,0.24242424242424243,0.06756756756756757,0.9999999999999999,0.1994949494949496,0.06068523524434785
992,0.0707070707070707,0.13513513513513514,0.9999999999999999,0.0,0.08437176104553826
993,0.11616161616161617,0.0,0.0909090909090909,0.0,0.007093218693170963
994,0.1919191919191919,0.32882882882882886,0.7272727272727271,1.0,0.17306690302799396
995,0.11616161616161617,0.24324324324324328,0.45454545454545453,0.1994949494949496,0.07670333730973182
996,0.24242424242424243,0.18918918918918923,0.0909090909090909,1.0,0.01770706873007283
997,0.30808080808080807,0.24324324324324328,0.45454545454545453,1.0,0.06225253452738601
998,0.11616161616161617,0.1801801801801802,0.7272727272727271,1.0,0.06214979471516749
999,0.11616161616161617,0.0,0.45454545454545453,1.0,0.0206534258952387
1000,0.14898989898989898,0.06756756756756757,0.9999999999999999,1.0,0.051139051819789276
1001,0.14898989898989898,0.0,0.7272727272727271,0.601010101010101,0.032626406427871533
1002,0.0404040404040404,0.30180180180180183,0.2727272727272727,0.1994949494949496,0.09274298715452403
1003,0.1919191919191919,0.12162162162162164,0.45454545454545453,0.1994949494949496,0.0439119266062637
1004,0.021717171717171715,0.23873873873873874,0.7272727272727271,0.1994949494949496,0.09899236032962104
1005,0.021717171717171715,0.30180180180180183,0.2727272727272727,0.1994949494949496,0.09274298715452403
1006,0.494949494949495,0.18918918918918923,0.0909090909090909,1.0,0.01770706873007283
1007,0.11616161616161617,0.0,0.9999999999999999,0.1994949494949496,0.046555235801832004
1008,0.09090909090909091,0.7027027027027027,0.2727272727272727,1.0,0.7468497922225203
1009,0.0,0.40090090090090097,0.2727272727272727,1.0,0.17079835281189387
1010,0.0303030303030303,0.427927927927928,0.0,0.1994949494949496,0.07063410357048774
1011,0.1919191919191919,0.0,0.7272727272727271,0.0,0.04004642736265972
1012,0.005808080808080807,0.7027027027027027,0.2727272727272727,1.0,0.7468497922225203
1013,0.002525252525252526,0.5540540540540542,0.2727272727272727,0.0,0.714953907231259
1014,0.015151515151515152,0.5675675675675677,0.45454545454545453,1.0,0.8259732382095982
1015,0.021717171717171715,0.0900900900900901,0.7272727272727271,0.0,0.057283099449138786
1016,0.005808080808080807,0.32882882882882886,0.7272727272727271,1.0,0.17306690302799396
1017,0.05303030303030304,0.32882882882882886,0.7272727272727271,0.601010101010101,0.18565425384711468
1018,0.0303030303030303,0.427927927927928,0.0,0.0,0.07262615268122122
1019,0.11616161616161617,0.32882882882882886,0.7272727272727271,0.601010101010101,0.18565425384711468
1020,0.05303030303030304,0.37837837837837845,0.0909090909090909,0.1994949494949496,0.09070077481332815
1021,0.021717171717171715,0.13513513513513514,0.9999999999999999,0.601010101010101,0.07109453652088313
1022,0.0404040404040404,0.0,0.9999999999999999,0.1994949494949496,0.046555235801832004
1023,0.0303030303030303,0.6936936936936938,0.0909090909090909,0.1994949494949496,0.4802330842260637
1024,1.0,0.21621621621621623,0.0,1.0,0.007721879466962411
1025,0.6212121212121212,0.0,0.9999999999999999,1.0,0.039004721514947494
1026,0.015151515151515152,0.427927927927928,0.0,0.1994949494949496,0.07063410357048774
1027,0.021717171717171715,0.5675675675675677,0.45454545454545453,1.0,0.8259732382095982
1028,0.24242424242424243,0.0,0.7272727272727271,0.601010101010101,0.032626406427871533
1029,0.05303030303030304,0.5045045045045046,0.0909090909090909,1.0,0.23566923558718167
1030,0.021717171717171715,0.06756756756756757,0.9999999999999999,0.1994949494949496,0.06068523524434785
1031,0.021717171717171715,0.21621621621621623,0.0,0.1994949494949496,0.0087362110157144
1032,0.002525252525252526,0.1801801801801802,0.9999999999999999,1.0,0.07890017651596128
1033,0.09090909090909091,0.0,0.45454545454545453,0.1994949494949496,0.02641219922876878
1034,0.1919191919191919,0.5675675675675677,0.45454545454545453,1.0,0.8259732382095982
1035,0.24242424242424243,0.24324324324324328,0.45454545454545453,0.601010101010101,0.06778410807483555
1036,0.14898989898989898,0.0,0.0909090909090909,0.1994949494949496,0.006742558750192938
1037,0.015151515151515152,0.445945945945946,0.45454545454545453,0.601010101010101,0.3524030376645876
1038,0.30808080808080807,0.0,0.2727272727272727,0.0,0.018966148576455438
1039,0.05303030303030304,0.13513513513513514,0.9999999999999999,1.0,0.06648072599398959
1040,0.0404040404040404,0.1801801801801802,0.7272727272727271,0.0,0.08084723386329035
1041,0.05303030303030304,0.0,0.45454545454545453,0.1994949494949496,0.02641219922876878
1042,0.14898989898989898,0.40090090090090097,0.2727272727272727,0.1994949494949496,0.2078743239728975
1043,0.1919191919191919,0.1801801801801802,0.9999999999999999,1.0,0.07890017651596128
1044,0.0404040404040404,0.0,0.7272727272727271,0.601010101010101,0.032626406427871533
1045,0.05303030303030304,0.445945945945946,0.45454545454545453,1.0,0.3257923920065806
1046,0.11616161616161617,0.14864864864864866,0.2727272727272727,0.0,0.036435881445014084
1047,0.002525252525252526,0.5045045045045046,0.0909090909090909,1.0,0.23566923558718167
1048,0.0404040404040404,0.5720720720720721,0.0,1.0,0.20306830725368244
1049,0.0707070707070707,0.32882882882882886,0.7272727272727271,0.0,0.22179591329297682
1050,0.0303030303030303,0.8873873873873874,0.0909090909090909,1.0,0.5812318358683922
1051,0.1919191919191919,0.5045045045045046,0.0909090909090909,0.1994949494949496,0.25249029410443447
